req_freq_per_min,failed_login_count,unique_dest_ports,unique_usernames,bytes_transferred_kb,http_err_ratio,hour_of_day,label
5.0,1.0,2.0,1.0,16.237987433460468,0.054597780492727316,8.0,1
4.0,0.0,2.0,1.0,4.601103822688255,0.27964677352327677,18.0,1
4.0,0.0,1.0,1.0,12.22455047610777,0.043690838977933646,7.0,1
5.0,0.0,1.0,1.0,11.509059093955223,0.02032500445812451,14.0,1
5.0,0.0,2.0,1.0,26.4550028627959,0.00832235530109877,7.0,1
3.0,0.0,1.0,1.0,5.273351342681329,0.09540071279366151,11.0,1
5.0,0.0,1.0,1.0,35.50498528571268,0.03080459908946155,11.0,1
4.0,0.0,1.0,1.0,8.894430364595602,0.005473279089006671,7.0,1
6.0,0.0,2.0,1.0,12.739330596972522,0.0653788525337811,15.0,1
7.0,1.0,1.0,1.0,30.598125524585694,0.07774621160004978,11.0,1
2.0,0.0,4.0,1.0,20.6375240021133,0.3749792030054615,15.0,1
5.0,0.0,2.0,1.0,8.364119191749966,0.06400709762886685,17.0,1
5.0,0.0,4.0,1.0,10.761818029277965,0.030780585864624732,12.0,1
6.0,0.0,2.0,1.0,8.299523623876107,0.0005847786976344394,13.0,1
4.0,0.0,1.0,1.0,19.066017692631725,0.09502664250780386,13.0,1
6.0,0.0,3.0,1.0,9.088049454309058,0.034788171561281556,8.0,1
6.0,0.0,3.0,1.0,26.87048954150271,0.049923223118793617,11.0,1
1.0,1.0,3.0,1.0,18.339878615800778,0.0362800431144618,8.0,1
7.0,0.0,2.0,1.0,4.149611964577305,0.10753508855363696,10.0,1
2.0,0.0,2.0,1.0,8.429061192466197,0.07448024852464306,18.0,1
11.0,0.0,2.0,1.0,6.0063755597937085,0.06601514409503084,9.0,1
4.0,0.0,1.0,1.0,10.896198337626123,0.0045338704560903675,18.0,1
3.0,0.0,2.0,1.0,15.51274986146622,0.045165317448490803,19.0,1
8.0,0.0,4.0,1.0,15.135304017693052,0.01655969594438942,17.0,1
3.0,0.0,1.0,1.0,29.091095572228014,0.017947617116631818,12.0,1
3.0,0.0,1.0,1.0,5.193983259716157,0.048686756403498926,17.0,1
5.0,0.0,3.0,1.0,59.55131780800243,0.12747334513977057,11.0,1
8.0,1.0,2.0,1.0,9.39671060227803,0.00014108635010953214,7.0,1
3.0,0.0,6.0,1.0,8.140610054735086,0.04625062396068849,8.0,1
2.0,0.0,4.0,1.0,24.114994315426646,0.06381885138647148,19.0,1
5.0,0.0,1.0,1.0,33.74817228185921,0.16864438083820238,13.0,1
3.0,0.0,3.0,1.0,10.511478767063668,0.0010119898933623273,15.0,1
8.0,0.0,2.0,1.0,28.475222615634216,0.008176761484152613,7.0,1
10.0,0.0,2.0,1.0,44.037828687590284,0.1725952513805351,10.0,1
3.0,0.0,1.0,1.0,30.117490832805597,0.0013619517365137152,17.0,1
2.0,0.0,3.0,1.0,1.6958973334098697,0.39132192261170096,9.0,1
5.0,1.0,3.0,1.0,36.13196794010779,0.008438534096238329,18.0,1
7.0,0.0,2.0,1.0,30.7870136432067,0.48694651463263033,18.0,1
6.0,0.0,2.0,1.0,23.13028281383167,0.03165724544684567,17.0,1
6.0,1.0,2.0,1.0,29.544195457393275,0.014748446871893715,19.0,1
2.0,1.0,2.0,1.0,78.67395542188825,0.0004856351763373554,11.0,1
4.0,0.0,2.0,1.0,12.281465228157455,0.10948464608367138,11.0,1
9.0,0.0,1.0,1.0,2.391787450479339,0.0536811528200281,19.0,1
7.0,0.0,2.0,1.0,13.356711818489794,0.04208152709613565,18.0,1
11.0,0.0,2.0,1.0,1.950925525588852,1.652541560148633e-05,16.0,1
8.0,0.0,3.0,1.0,7.969895801648887,0.4662689479871269,16.0,1
3.0,0.0,2.0,1.0,18.680333346927007,7.71975687366786e-06,17.0,1
2.0,0.0,1.0,1.0,8.410345973879384,0.1436896117299085,8.0,1
3.0,0.0,2.0,1.0,24.128763538644193,0.019439035051721707,11.0,1
4.0,0.0,2.0,1.0,35.51789841770942,0.07093820456330618,10.0,1
5.0,0.0,3.0,1.0,11.90969335842094,0.20965158907182158,19.0,1
5.0,0.0,2.0,1.0,47.07931116656093,0.3356134856826012,7.0,1
4.0,0.0,2.0,1.0,2.6641309928738695,0.007979889935425285,18.0,1
3.0,0.0,2.0,1.0,37.665779804779376,0.13991333501583503,7.0,1
8.0,0.0,3.0,1.0,36.27197214748173,0.003266570900087824,7.0,1
2.0,0.0,3.0,1.0,8.771979772287303,0.15934034175345035,14.0,1
1.0,0.0,2.0,1.0,8.096823586967709,0.03968158080537796,9.0,1
4.0,0.0,2.0,1.0,8.279602125737803,0.02640249968803243,15.0,1
5.0,1.0,3.0,1.0,34.36187141523347,0.0006976424039597933,16.0,1
4.0,1.0,3.0,1.0,36.63461700029834,0.10892739555425425,8.0,1
3.0,0.0,1.0,1.0,9.001268236306755,0.047099035993452595,15.0,1
4.0,1.0,1.0,1.0,18.958721648060077,0.1939752322127894,17.0,1
8.0,0.0,2.0,1.0,3.9916645510033275,0.05958763755761343,15.0,1
2.0,0.0,2.0,1.0,13.651533115890718,0.030653681782855064,10.0,1
2.0,2.0,2.0,1.0,135.38987556504176,0.07554791532031244,10.0,1
2.0,0.0,4.0,1.0,4.459447483319153,0.04806669746275288,10.0,1
7.0,0.0,1.0,1.0,59.962719276832786,0.03672790777323892,18.0,1
6.0,0.0,1.0,1.0,35.77439232326028,0.32286365049065424,7.0,1
7.0,0.0,2.0,1.0,72.66492819322345,0.10626008683955418,11.0,1
6.0,0.0,2.0,1.0,4.958747281067364,0.058507657076584285,19.0,1
7.0,0.0,3.0,1.0,5.80372133083873,0.005763631918394081,12.0,1
6.0,0.0,2.0,1.0,1.3402210547652358,0.0774449436350849,10.0,1
4.0,0.0,2.0,1.0,26.798009041834952,0.10044317270568703,14.0,1
2.0,0.0,4.0,1.0,21.66181152621479,0.4681774840740547,9.0,1
3.0,1.0,2.0,1.0,4.921889915249052,0.00118980219468171,17.0,1
4.0,0.0,2.0,1.0,32.32229765426723,0.06599273304137727,15.0,1
7.0,0.0,1.0,1.0,8.110526537944935,0.055977247903602784,19.0,1
4.0,0.0,1.0,1.0,3.900412998045211,0.01039833479968871,13.0,1
3.0,1.0,1.0,1.0,11.983107066598627,0.05398993431013208,14.0,1
2.0,0.0,3.0,1.0,2.9075403061461804,0.026919713747825934,13.0,1
6.0,0.0,2.0,1.0,7.109960939632979,0.02792542839408504,15.0,1
3.0,0.0,1.0,1.0,10.283082887461799,0.004119033290722779,8.0,1
5.0,1.0,2.0,1.0,39.19251372628858,0.0020710009597385798,10.0,1
9.0,0.0,1.0,1.0,32.457177294057004,0.28461609156633505,8.0,1
6.0,0.0,1.0,1.0,12.694979952792409,0.06288879075096528,14.0,1
6.0,0.0,2.0,1.0,26.788802588813084,0.2129311949385784,8.0,1
9.0,0.0,2.0,1.0,17.816692200252,0.0021524699432433213,14.0,1
4.0,0.0,1.0,1.0,9.335835922995154,0.12046446058111832,12.0,1
9.0,0.0,2.0,1.0,26.883373546738216,0.001788023175371979,13.0,1
2.0,0.0,4.0,1.0,24.008587317784816,0.00429972244596069,17.0,1
10.0,0.0,2.0,1.0,20.304076287118768,0.16916243972135306,19.0,1
6.0,0.0,2.0,1.0,20.244364801885535,0.03716540431255185,12.0,1
9.0,1.0,3.0,1.0,23.975934003575627,0.05924109924433948,18.0,1
4.0,1.0,4.0,1.0,10.707885605424508,0.029779833167308978,15.0,1
1.0,0.0,1.0,1.0,41.66273728582027,0.0573456366902394,10.0,1
6.0,0.0,2.0,1.0,4.542092067733119,0.0485931276669633,7.0,1
8.0,0.0,4.0,1.0,44.063563783023966,0.004149420570680931,15.0,1
6.0,0.0,2.0,1.0,9.379575445858421,0.05685293815134912,19.0,1
2.0,0.0,2.0,1.0,3.6713505080288713,0.021068886643373884,16.0,1
3.0,0.0,4.0,1.0,19.327184818373418,0.04244999192830169,14.0,1
5.0,0.0,2.0,1.0,10.431670943433739,0.31888324215380853,7.0,1
3.0,0.0,1.0,1.0,34.802086727778644,0.0013501369163622379,19.0,1
3.0,1.0,1.0,1.0,12.269957669041226,0.01408049749141574,16.0,1
5.0,0.0,2.0,1.0,23.086322024195383,0.031774872611811916,12.0,1
6.0,0.0,3.0,1.0,8.37084420163168,0.029258995753439994,16.0,1
5.0,0.0,1.0,1.0,5.700587550002112,0.040841365353372,18.0,1
3.0,1.0,1.0,1.0,10.822062312174284,0.001957176301368752,18.0,1
5.0,0.0,1.0,1.0,19.669136322854317,0.012219111833878598,10.0,1
3.0,0.0,2.0,1.0,22.397391292071575,0.005053048688882938,17.0,1
3.0,0.0,3.0,1.0,18.264796261929984,0.28235684604482114,8.0,1
6.0,0.0,3.0,1.0,89.55005322189619,0.00017863732650848303,9.0,1
5.0,0.0,1.0,1.0,24.494118207312304,0.031587294817538296,18.0,1
6.0,0.0,1.0,1.0,54.624162180686305,0.017809845222393057,19.0,1
2.0,0.0,1.0,1.0,3.5097496618889537,0.0003191333156996862,18.0,1
4.0,0.0,1.0,1.0,2.2667407002445636,0.14277570313795562,15.0,1
7.0,0.0,4.0,1.0,8.450126372209127,0.07125428770921673,11.0,1
6.0,0.0,1.0,1.0,3.937287684814977,0.020240817940524583,13.0,1
5.0,0.0,2.0,1.0,15.925412582780728,0.02088535475195945,19.0,1
4.0,0.0,1.0,1.0,15.636980713435273,0.15808971469993974,8.0,1
3.0,0.0,2.0,1.0,18.11554192169119,0.09834525955336935,14.0,1
3.0,0.0,2.0,1.0,28.347715673702822,0.11604372013793927,9.0,1
7.0,1.0,3.0,1.0,72.03787085295255,8.988213661804366e-05,7.0,1
7.0,0.0,4.0,1.0,43.11713814316357,0.07592706240967655,19.0,1
6.0,1.0,2.0,1.0,3.519593621657452,0.07869277742919174,14.0,1
6.0,1.0,3.0,1.0,9.265319783441814,0.000287804718629854,17.0,1
7.0,0.0,2.0,1.0,6.909528057528793,0.026472927534253045,17.0,1
8.0,1.0,1.0,1.0,4.891543608458679,0.002098890739492842,15.0,1
6.0,0.0,3.0,1.0,16.737067521556938,0.5193650801942187,14.0,1
3.0,0.0,3.0,1.0,17.115767256093275,0.10792010084570887,7.0,1
7.0,0.0,1.0,1.0,6.155860097356689,0.5716972593990216,18.0,1
5.0,0.0,1.0,1.0,25.888761854098775,0.30778475612288275,13.0,1
5.0,0.0,4.0,1.0,27.40371390381423,0.0001013089192840367,13.0,1
7.0,0.0,3.0,1.0,1.424064047486592,0.0011999105754927776,10.0,1
4.0,0.0,2.0,1.0,11.075600174199284,0.02742949085683273,19.0,1
9.0,0.0,3.0,1.0,45.171085752373145,0.06714900251079012,19.0,1
4.0,0.0,3.0,1.0,15.692663252916509,0.02849020912143458,19.0,1
5.0,0.0,2.0,1.0,9.542800464870426,0.057379811276304746,18.0,1
2.0,0.0,2.0,1.0,6.851913196699367,0.16439246984818942,14.0,1
6.0,1.0,2.0,1.0,6.577209149176113,0.05579014297166513,11.0,1
3.0,0.0,2.0,1.0,3.1020561740269192,0.10203795822377212,19.0,1
6.0,0.0,1.0,1.0,34.99014309972099,0.012708364086161768,18.0,1
2.0,1.0,4.0,1.0,2.81288456480333,0.1719862351920392,10.0,1
3.0,0.0,4.0,1.0,7.914552158866276,0.05363399990514675,19.0,1
5.0,0.0,1.0,1.0,1.935035372093397,0.07846861831986723,11.0,1
3.0,0.0,3.0,1.0,31.409005348988494,0.3025563235145573,17.0,1
4.0,0.0,1.0,1.0,1.8015221683075457,0.14694873793900118,8.0,1
5.0,1.0,2.0,1.0,8.372090785079958,0.30809888238035626,10.0,1
6.0,0.0,4.0,1.0,18.03335850858618,0.0026545388284908637,16.0,1
3.0,0.0,4.0,1.0,11.537791223599344,0.0284781747461743,14.0,1
3.0,0.0,4.0,1.0,7.633266244085656,0.011372979857883016,13.0,1
4.0,0.0,2.0,1.0,7.436888953884031,0.03867246040643465,18.0,1
5.0,0.0,3.0,1.0,32.96900061889649,0.27061736325845126,14.0,1
4.0,1.0,1.0,1.0,73.97633198034649,0.06385425027017687,13.0,1
2.0,1.0,1.0,1.0,9.55547421050821,0.3006430918877369,13.0,1
6.0,0.0,2.0,1.0,1.7986460084967777,0.007757401053953968,17.0,1
6.0,0.0,2.0,1.0,1.7450212642674796,0.047774417590231995,13.0,1
8.0,0.0,3.0,1.0,29.476885562147046,0.05875375151655098,8.0,1
1.0,0.0,2.0,1.0,17.075757642774523,0.008201693634364118,9.0,1
6.0,0.0,2.0,1.0,31.611856039632137,0.06710451831366104,7.0,1
2.0,0.0,1.0,1.0,24.913282364330527,0.12425113944284731,8.0,1
5.0,1.0,1.0,1.0,48.61230555053256,0.060897386406730196,16.0,1
2.0,0.0,2.0,1.0,44.400334211459864,0.0032784411067090895,12.0,1
6.0,0.0,2.0,1.0,32.05429033935192,0.1851762880680851,8.0,1
4.0,0.0,2.0,1.0,13.894347723161545,0.03308492152625745,7.0,1
3.0,0.0,2.0,1.0,8.367040199968363,0.8255694567939548,14.0,1
5.0,0.0,3.0,1.0,15.146008840063667,0.027884770741547323,15.0,1
6.0,0.0,5.0,1.0,14.945980041901418,0.24491298946163512,13.0,1
3.0,0.0,3.0,1.0,19.84630650372092,0.0013277945870622128,9.0,1
4.0,0.0,1.0,1.0,5.118295646095942,0.31455109738277215,7.0,1
8.0,0.0,6.0,1.0,22.32018465928022,0.03646906881657076,10.0,1
4.0,0.0,1.0,1.0,13.198225655498998,0.026693113845379455,19.0,1
10.0,0.0,1.0,1.0,20.362464060293682,0.25721968725235805,16.0,1
4.0,0.0,1.0,1.0,6.478340219930659,0.10254188678243463,17.0,1
5.0,0.0,1.0,1.0,12.397182732847085,3.154122613139749e-05,9.0,1
10.0,1.0,3.0,1.0,5.7195413560345045,0.003026715512405578,17.0,1
3.0,0.0,3.0,1.0,42.63771560907114,0.04121217022474379,9.0,1
4.0,0.0,3.0,1.0,14.387091458672316,0.18027527169616187,8.0,1
7.0,1.0,2.0,1.0,6.097365400230896,0.030985795679424596,17.0,1
5.0,0.0,2.0,1.0,1.8416369172779363,0.004941351405644216,16.0,1
10.0,0.0,3.0,1.0,23.52410995467368,0.022442825359304454,9.0,1
4.0,0.0,2.0,1.0,5.832381398914314,0.03601181345293629,17.0,1
2.0,0.0,1.0,1.0,92.28477320138673,0.00038279736917830526,11.0,1
3.0,1.0,1.0,1.0,16.25853751945508,0.011337182138513867,10.0,1
5.0,0.0,2.0,1.0,7.8210099124149615,0.1627713007803019,7.0,1
8.0,0.0,2.0,1.0,22.440036207712755,0.008831152871075226,7.0,1
4.0,0.0,1.0,1.0,7.437740256367574,0.006244206473034574,7.0,1
3.0,0.0,2.0,1.0,35.32646890788137,4.162913107949e-05,18.0,1
8.0,0.0,1.0,1.0,8.370209912354245,0.17623696061541916,16.0,1
6.0,0.0,1.0,1.0,89.87418138858969,0.07037726061757824,15.0,1
8.0,0.0,3.0,1.0,19.5847225341267,0.024147129039573546,15.0,1
3.0,0.0,1.0,1.0,38.210766422147735,0.0915522183903054,15.0,1
3.0,1.0,2.0,1.0,2.512053425660641,0.3870433416221101,16.0,1
5.0,0.0,4.0,1.0,9.56340103306781,0.235259341942218,10.0,1
11.0,0.0,3.0,1.0,27.749100052059905,0.002513005544547585,10.0,1
7.0,0.0,3.0,1.0,22.287638826786672,0.005544379014730323,16.0,1
4.0,1.0,1.0,1.0,5.319464429476587,0.16925217563840075,13.0,1
3.0,0.0,2.0,1.0,9.807434240446739,0.021293360736569927,19.0,1
8.0,0.0,4.0,1.0,7.115384124636107,0.0008991869231398922,9.0,1
8.0,0.0,1.0,1.0,20.005751094268913,0.004461847939249027,16.0,1
3.0,1.0,1.0,1.0,9.449221377045717,0.08327370966663705,9.0,1
3.0,0.0,4.0,1.0,8.393879122506444,0.4073798787935523,10.0,1
6.0,0.0,4.0,1.0,5.648176343577456,0.008208525638612511,17.0,1
2.0,0.0,4.0,1.0,11.519703050030254,0.08332709100597126,12.0,1
7.0,1.0,3.0,1.0,5.3507506438025185,0.0005905568317467761,7.0,1
5.0,0.0,4.0,1.0,66.70543466571173,0.004133320572445085,17.0,1
5.0,1.0,2.0,1.0,4.356585063189236,0.040555185141125126,9.0,1
6.0,1.0,1.0,1.0,49.90711558257175,0.006280115071453958,18.0,1
1.0,0.0,3.0,1.0,12.188874490264016,0.2167292568654908,11.0,1
10.0,0.0,1.0,1.0,10.491995235970101,0.011152868783493227,17.0,1
2.0,0.0,4.0,1.0,6.261605238175944,0.046496371469739554,10.0,1
5.0,1.0,1.0,1.0,21.19864448445616,0.24429074995347008,14.0,1
4.0,0.0,2.0,1.0,24.13720569490407,6.397683411618442e-05,15.0,1
5.0,1.0,1.0,1.0,13.606113054492798,0.012606508677455174,14.0,1
4.0,0.0,1.0,1.0,2.1463733835813845,0.03295979360572291,17.0,1
5.0,0.0,1.0,1.0,51.145536296357456,0.022469511901425467,17.0,1
6.0,0.0,1.0,1.0,79.57233127986274,0.1854835918556295,15.0,1
1.0,0.0,2.0,1.0,12.279022973328042,0.1456123329523857,14.0,1
3.0,1.0,3.0,1.0,20.020791161986867,0.07791583033922843,16.0,1
2.0,0.0,3.0,1.0,12.967602100337126,0.002760465607694149,19.0,1
5.0,0.0,4.0,1.0,8.768610014528214,0.0006303581742132628,7.0,1
4.0,0.0,1.0,1.0,2.6094298370191815,0.12631979735936474,13.0,1
7.0,0.0,4.0,1.0,13.178610885686217,0.05594462103032407,15.0,1
7.0,0.0,3.0,1.0,35.11727548714622,0.005478024614251953,7.0,1
2.0,0.0,5.0,1.0,1.3435632904628514,0.0078269417553469,16.0,1
6.0,1.0,5.0,1.0,18.45062989819165,0.0639893004711692,7.0,1
7.0,0.0,2.0,1.0,43.534371290588275,0.013603846525536189,16.0,1
2.0,0.0,1.0,1.0,5.906490558210368,0.004407744306635867,19.0,1
7.0,0.0,2.0,1.0,5.0485881809188875,0.13207488544765106,8.0,1
5.0,0.0,2.0,1.0,30.592473145178392,0.09004175049085192,19.0,1
7.0,0.0,2.0,1.0,6.889741645161108,0.003798341586614102,11.0,1
6.0,0.0,2.0,1.0,5.263474996196289,0.03515731486942605,19.0,1
5.0,0.0,2.0,1.0,10.4959580869852,0.03376082511065385,18.0,1
6.0,0.0,1.0,1.0,10.968128323037583,0.29768084510039816,14.0,1
5.0,0.0,2.0,1.0,42.44551562615915,0.041758620438627894,19.0,1
4.0,0.0,1.0,1.0,20.26992532118054,0.29372512649334537,14.0,1
7.0,1.0,2.0,1.0,11.416221468149164,0.20676175722546453,16.0,1
1.0,0.0,2.0,1.0,16.28805065994617,0.060824029277110864,10.0,1
8.0,0.0,1.0,1.0,62.56716741374651,0.002372952392960482,13.0,1
4.0,0.0,2.0,1.0,3.4030470291150445,0.3452642172889203,13.0,1
5.0,0.0,3.0,1.0,5.656695238387043,0.062090019598583825,15.0,1
3.0,1.0,2.0,1.0,66.68360296264385,0.019568519615747387,15.0,1
7.0,0.0,1.0,1.0,64.08276921715061,0.23405968921785084,9.0,1
2.0,0.0,1.0,1.0,4.900001927988669,0.012552422558480237,19.0,1
5.0,0.0,2.0,1.0,4.135621792733145,0.053836918373119734,17.0,1
10.0,0.0,1.0,1.0,11.93199698148771,0.00912480644016037,14.0,1
7.0,0.0,3.0,1.0,2.019936082438863,0.057424814498216514,11.0,1
7.0,0.0,3.0,1.0,22.278625689427834,7.218671559003027e-05,11.0,1
10.0,0.0,1.0,1.0,2.6132718102991355,0.04963467810827179,14.0,1
1.0,0.0,2.0,1.0,2.1956291233637883,0.01254507989102155,12.0,1
5.0,0.0,2.0,1.0,14.279028542849101,0.03546416694465989,16.0,1
3.0,0.0,3.0,1.0,64.30036856434475,0.12731722772224055,16.0,1
8.0,0.0,1.0,1.0,12.130269862850122,0.289249580894415,7.0,1
7.0,0.0,2.0,1.0,9.816079458076159,0.24549186467445766,10.0,1
3.0,0.0,3.0,1.0,124.86393435929072,0.24708160502433563,15.0,1
1.0,0.0,1.0,1.0,16.18441324284737,0.00402558360466953,11.0,1
5.0,1.0,2.0,1.0,10.407799097685478,0.0008278683448659191,10.0,1
3.0,0.0,3.0,1.0,10.750673763123878,0.027017116068508932,17.0,1
6.0,1.0,2.0,1.0,5.337253746860659,0.05565167904689105,19.0,1
3.0,0.0,4.0,1.0,15.357941251152656,0.0714012165051691,16.0,1
4.0,0.0,1.0,1.0,12.555519800609806,0.011476117066689056,7.0,1
5.0,1.0,4.0,1.0,7.316015715395248,0.02250157915121436,15.0,1
8.0,0.0,1.0,1.0,4.4999310834509085,0.06047839323655889,14.0,1
7.0,1.0,2.0,1.0,8.457215140028111,0.012913977915448936,9.0,1
5.0,0.0,1.0,1.0,15.213328105762379,0.0017821796223263643,15.0,1
4.0,0.0,1.0,1.0,2.2020771847881684,0.1373217622164981,7.0,1
6.0,0.0,2.0,1.0,4.338667969087025,0.004028619923166201,10.0,1
8.0,1.0,1.0,1.0,59.998843327495,0.0005580129717270765,11.0,1
4.0,1.0,2.0,1.0,16.655108392767364,0.020158685335240498,10.0,1
3.0,0.0,3.0,1.0,2.311032494489126,0.001857482497648178,10.0,1
2.0,0.0,1.0,1.0,24.623868628894826,0.02226236269298376,15.0,1
3.0,0.0,4.0,1.0,2.2759038445188517,0.011957353456668927,11.0,1
9.0,1.0,2.0,1.0,27.855061980386132,0.17971773466209337,7.0,1
5.0,0.0,1.0,1.0,28.72290518232509,0.0019406807403865751,13.0,1
4.0,0.0,3.0,1.0,22.058193478652825,0.016701857844998596,12.0,1
7.0,0.0,2.0,1.0,27.350636321365503,0.43321702236589255,15.0,1
8.0,0.0,3.0,1.0,2.8415553758535674,0.16941179079401297,10.0,1
4.0,0.0,2.0,1.0,26.94959938350079,0.02425057104973481,16.0,1
4.0,1.0,3.0,1.0,3.939589880648905,0.039876189990003356,12.0,1
8.0,0.0,3.0,1.0,9.29534197392308,0.012631995450389696,16.0,1
5.0,1.0,2.0,1.0,58.20489463397203,0.09098128656901518,13.0,1
5.0,0.0,2.0,1.0,14.978294725957443,0.02459619688283595,10.0,1
6.0,0.0,2.0,1.0,69.48508239156199,0.055170491315726475,18.0,1
7.0,0.0,2.0,1.0,2.8625453772880007,0.001767892155555012,15.0,1
2.0,0.0,1.0,1.0,13.98477251067057,0.2223039383792132,19.0,1
1.0,1.0,1.0,1.0,2.2886866972095703,0.2661271026878185,7.0,1
7.0,0.0,2.0,1.0,20.896414232582494,0.15683506801736727,7.0,1
5.0,0.0,2.0,1.0,2.639543246819013,0.21688385208353203,9.0,1
4.0,0.0,3.0,1.0,4.856356266327288,0.25090961595432465,15.0,1
4.0,0.0,4.0,1.0,6.990513572936074,0.0016152972668480225,11.0,1
3.0,1.0,1.0,1.0,28.625646978422594,0.02651275494823384,7.0,1
8.0,0.0,3.0,1.0,4.581627090108824,0.09987542987172775,18.0,1
7.0,0.0,2.0,1.0,38.49830728498746,0.051461394704924765,11.0,1
1.0,0.0,3.0,1.0,3.8290580179088227,0.026929212682661515,12.0,1
2.0,0.0,2.0,1.0,1.7176104966289527,0.05454089174788833,10.0,1
4.0,0.0,2.0,1.0,11.05203792893054,0.18210469542922283,13.0,1
6.0,0.0,4.0,1.0,78.68975408002846,0.06201852257485209,17.0,1
4.0,0.0,1.0,1.0,3.338368316204945,0.0017846814220135727,9.0,1
6.0,0.0,1.0,1.0,3.1454344623619783,0.1708853317745715,11.0,1
8.0,1.0,2.0,1.0,28.819426485275844,0.1757548206399621,12.0,1
7.0,0.0,2.0,1.0,8.484029780197714,0.043937173795376754,13.0,1
5.0,0.0,1.0,1.0,26.26607981330432,6.58261896346663e-05,16.0,1
2.0,1.0,1.0,1.0,5.463135764120424,0.030338785684956647,8.0,1
1.0,0.0,2.0,1.0,13.326389418025078,0.00040838622287781094,11.0,1
7.0,2.0,3.0,1.0,7.16558498114414,0.0041016032521369455,19.0,1
4.0,1.0,1.0,1.0,13.012388813223989,0.20193165139057118,13.0,1
1.0,0.0,3.0,1.0,30.315159420784394,0.0020353721450047965,13.0,1
6.0,0.0,1.0,1.0,29.710527457915603,0.1826604695765676,18.0,1
5.0,0.0,1.0,1.0,15.504000057871147,0.2589288385132315,9.0,1
8.0,0.0,1.0,1.0,53.72534076392682,0.09246321096217659,14.0,1
5.0,0.0,1.0,1.0,7.124637284078146,0.12224187558241635,19.0,1
4.0,0.0,1.0,1.0,6.496932043315633,0.13635052763453648,7.0,1
10.0,0.0,2.0,1.0,20.028329677863383,0.005210512430193871,10.0,1
7.0,0.0,1.0,1.0,20.42006225240945,0.09655951164942163,9.0,1
4.0,0.0,4.0,1.0,1.9531569405149078,0.012203876214502836,10.0,1
8.0,1.0,2.0,1.0,19.7185307934414,0.07365866058251304,17.0,1
5.0,0.0,2.0,1.0,10.382037753906094,0.010583068276081315,15.0,1
5.0,0.0,1.0,1.0,28.522328673519127,0.18152752043542875,17.0,1
5.0,1.0,4.0,1.0,34.01620789236373,0.002004493038011827,18.0,1
2.0,0.0,1.0,1.0,17.0661090545501,0.22902028079869563,14.0,1
3.0,0.0,2.0,1.0,1.0341297344568694,0.043542285195416454,17.0,1
4.0,0.0,3.0,1.0,21.232137793092274,0.3049961445563186,10.0,1
9.0,0.0,2.0,1.0,28.636589245916436,0.004082153018352789,19.0,1
0.0,0.0,1.0,1.0,6.726546909684739,0.01217842432359673,14.0,1
5.0,0.0,2.0,1.0,13.496541415784439,0.38582089475832915,7.0,1
5.0,0.0,1.0,1.0,68.46772837934644,0.1095142240215287,18.0,1
5.0,0.0,1.0,1.0,8.079729889597651,0.23652348267757098,14.0,1
5.0,1.0,2.0,1.0,6.050243647113688,0.007474437422505897,16.0,1
4.0,0.0,1.0,1.0,5.736098651666489,0.059729346392184475,8.0,1
9.0,1.0,1.0,1.0,17.365177654122213,0.16825653592741183,12.0,1
6.0,0.0,1.0,1.0,60.8296667846758,0.006871619420621799,12.0,1
2.0,0.0,5.0,1.0,19.76511048853551,0.28321225718874216,9.0,1
6.0,1.0,1.0,1.0,8.228671257058068,0.06036524459638186,19.0,1
6.0,0.0,1.0,1.0,21.353725594290488,0.0068405291288366026,11.0,1
6.0,0.0,5.0,1.0,20.608176033490906,0.08792682735019901,8.0,1
5.0,0.0,1.0,1.0,19.172659337357434,0.0001460010229871639,17.0,1
2.0,0.0,1.0,1.0,4.473410666096048,0.16073882757404237,14.0,1
5.0,0.0,1.0,1.0,21.13343556082084,0.3005464652127385,14.0,1
3.0,0.0,1.0,1.0,12.248149459296188,0.124309878285122,19.0,1
3.0,0.0,2.0,1.0,1.3753412694605212,0.00803348981680362,11.0,1
3.0,1.0,1.0,1.0,16.520338721127118,0.023402785369478908,13.0,1
6.0,0.0,2.0,1.0,91.68816867225556,0.04468687097635492,14.0,1
6.0,0.0,2.0,1.0,9.607647337044368,0.19517947172549432,17.0,1
4.0,2.0,3.0,1.0,68.37027805554212,0.0018088499276924588,10.0,1
5.0,0.0,1.0,1.0,3.0230706965459895,0.04666007178942267,8.0,1
5.0,0.0,3.0,1.0,27.368984945855566,0.004263693356310542,11.0,1
7.0,0.0,1.0,1.0,3.4282170445635347,0.1689615483099533,13.0,1
5.0,0.0,4.0,1.0,7.392306382785163,0.17356423592697015,18.0,1
3.0,0.0,4.0,1.0,17.918548312547408,0.07481427485838747,10.0,1
4.0,0.0,2.0,1.0,18.968018950900607,0.2620218338759153,10.0,1
7.0,0.0,1.0,1.0,30.85189011596517,0.1964013078963223,10.0,1
5.0,0.0,2.0,1.0,20.10642243862736,0.1034394159510732,15.0,1
7.0,0.0,3.0,1.0,19.00907130822464,0.00885508668806851,15.0,1
8.0,0.0,3.0,1.0,49.68877775469392,0.24965799434354063,17.0,1
7.0,0.0,2.0,1.0,13.035467570301874,0.12642831760150616,16.0,1
5.0,0.0,2.0,1.0,6.104704973958595,0.2704192995845666,14.0,1
8.0,0.0,1.0,1.0,4.5296985028788335,0.03742363309582346,17.0,1
4.0,0.0,1.0,1.0,11.216332369780758,0.00014630573971216037,14.0,1
6.0,1.0,3.0,1.0,25.94823907844467,0.010927254334627223,13.0,1
8.0,1.0,2.0,1.0,1.8694994805804823,0.0722779388157155,7.0,1
6.0,1.0,2.0,1.0,3.763491947198702,0.0016043526276591801,14.0,1
3.0,0.0,2.0,1.0,3.2435284946069594,0.14305751760512364,17.0,1
8.0,0.0,1.0,1.0,18.60159437865298,0.002006449944523017,17.0,1
4.0,0.0,3.0,1.0,6.56426488684822,0.023110177878532236,10.0,1
7.0,0.0,1.0,1.0,4.6366598024753,0.05872583720952297,19.0,1
2.0,0.0,1.0,1.0,18.967578200048592,0.07229571397231806,7.0,1
10.0,0.0,5.0,1.0,29.651785717801587,0.03458616854957347,7.0,1
6.0,0.0,2.0,1.0,9.07398086396509,0.00011919335305618242,9.0,1
4.0,0.0,1.0,1.0,18.264698601951782,0.11102515238998419,19.0,1
5.0,2.0,2.0,1.0,3.0655739761824843,0.4242255064926509,9.0,1
6.0,0.0,2.0,1.0,55.726225326765096,0.057836051807476654,16.0,1
4.0,1.0,2.0,1.0,9.216474356370261,0.39988386813617843,7.0,1
5.0,0.0,1.0,1.0,120.87488826859563,0.044019398213083406,14.0,1
6.0,1.0,6.0,1.0,77.87584728042489,0.008469339092428614,10.0,1
3.0,0.0,1.0,1.0,31.175880492178905,0.0001264951533487265,18.0,1
7.0,1.0,1.0,1.0,1.4054234872464102,0.008821269493098973,10.0,1
7.0,0.0,1.0,1.0,16.68223283078287,0.01927149657717651,12.0,1
8.0,0.0,2.0,1.0,2.8168049467641576,0.18029340937413832,15.0,1
4.0,0.0,3.0,1.0,46.10220653095623,0.036486714260900846,15.0,1
7.0,0.0,1.0,1.0,32.17834232843533,0.01382894052154024,18.0,1
3.0,1.0,1.0,1.0,72.75563136022264,0.2942330622555854,14.0,1
4.0,1.0,2.0,1.0,19.749416759815954,0.002894510964156463,7.0,1
4.0,0.0,1.0,1.0,15.770122550216618,0.0287194539596979,18.0,1
0.0,0.0,1.0,1.0,15.636673136150094,0.0019563031327758857,16.0,1
1.0,0.0,1.0,1.0,10.769817383056921,0.06571324034407147,16.0,1
1.0,1.0,1.0,1.0,13.648195009582054,0.04577722367852769,8.0,1
7.0,0.0,2.0,1.0,21.179778589962183,0.08869704326473074,9.0,1
5.0,0.0,2.0,1.0,55.04561976807456,0.2325753059296484,17.0,1
5.0,0.0,3.0,1.0,19.121083010981902,0.014159976512637272,11.0,1
8.0,0.0,2.0,1.0,39.91443526045293,2.5432203520891224e-05,11.0,1
3.0,0.0,4.0,1.0,40.72338310661191,0.009771823904794676,19.0,1
5.0,0.0,2.0,1.0,15.630804042176525,0.04068879680048619,16.0,1
3.0,0.0,2.0,1.0,9.537952288543663,0.01659268297508117,14.0,1
5.0,0.0,1.0,1.0,21.409365246925923,0.1257977750385223,8.0,1
1.0,0.0,3.0,1.0,12.807384245107318,0.059681656246027184,8.0,1
7.0,0.0,1.0,1.0,2.698979935647915,0.001660517145344333,14.0,1
2.0,0.0,6.0,1.0,10.490166416858242,0.2573051294106263,7.0,1
4.0,0.0,1.0,1.0,103.56183357864819,0.018122199675585298,15.0,1
6.0,0.0,4.0,1.0,1.994561347815715,0.0024956927110496015,8.0,1
7.0,2.0,1.0,1.0,24.858475532085425,0.0032543325233511727,18.0,1
9.0,1.0,3.0,1.0,37.80077211886237,0.4650460139778906,11.0,1
4.0,1.0,1.0,1.0,21.923769169637552,0.016591876714624174,9.0,1
1.0,1.0,2.0,1.0,17.86769465430836,0.02955131574718847,11.0,1
4.0,0.0,1.0,1.0,25.589533411420156,0.007289216299304825,18.0,1
6.0,0.0,1.0,1.0,12.219329799945722,0.004077212279102813,14.0,1
3.0,0.0,2.0,1.0,2.9161642968590606,0.015562984117239177,14.0,1
4.0,1.0,2.0,1.0,66.60000590543412,0.09598454480246307,12.0,1
2.0,0.0,5.0,1.0,12.323270502574456,0.014533322603416884,15.0,1
6.0,0.0,3.0,1.0,22.89574649365186,0.09430614814102202,13.0,1
8.0,0.0,2.0,1.0,16.156292840809236,0.018062782794770676,8.0,1
7.0,0.0,2.0,1.0,2.1244891147584006,0.04007243419904698,7.0,1
2.0,0.0,2.0,1.0,62.044613819277025,0.15021005105956992,14.0,1
6.0,1.0,1.0,1.0,32.45606716733229,0.07083879816748898,7.0,1
9.0,0.0,4.0,1.0,4.2291638330977905,0.03006427363533974,14.0,1
3.0,1.0,1.0,1.0,80.96128937319754,0.018368048360359362,18.0,1
8.0,0.0,2.0,1.0,27.704526126987368,0.262291065905071,15.0,1
7.0,0.0,1.0,1.0,13.785367346451304,0.05714576519831284,7.0,1
6.0,1.0,2.0,1.0,19.90255380697022,0.07020053870226642,13.0,1
10.0,1.0,1.0,1.0,3.257477452126611,0.011012785994055753,11.0,1
5.0,0.0,1.0,1.0,17.43832479449002,0.018405505366417333,19.0,1
5.0,0.0,3.0,1.0,2.5303019672362703,0.09220515688811054,14.0,1
5.0,0.0,2.0,1.0,16.74279588796218,0.0074131129770502995,10.0,1
5.0,0.0,4.0,1.0,17.09032260464992,5.9315291875492475e-06,8.0,1
4.0,0.0,2.0,1.0,42.49923743373584,0.0647699338870303,13.0,1
10.0,1.0,4.0,1.0,26.823865901551507,0.03683336461649892,19.0,1
3.0,0.0,4.0,1.0,6.741708801848592,0.4145186544031382,13.0,1
2.0,0.0,1.0,1.0,44.861370109412825,0.20379079237891778,14.0,1
6.0,0.0,2.0,1.0,18.030794580998602,0.012877527993033579,15.0,1
4.0,1.0,1.0,1.0,19.647359547878835,0.31895158344114344,12.0,1
4.0,1.0,2.0,1.0,4.702061293388735,0.001728043771957333,9.0,1
8.0,0.0,1.0,1.0,40.00670192989592,0.028360181678503307,11.0,1
5.0,0.0,1.0,1.0,54.46286645353481,0.016975637472967233,9.0,1
4.0,0.0,3.0,1.0,30.832266396816202,0.40895955323286926,16.0,1
7.0,0.0,1.0,1.0,57.52061789352224,0.05273775527632141,15.0,1
4.0,0.0,3.0,1.0,8.199318612347135,0.24919963012461266,11.0,1
2.0,1.0,4.0,1.0,40.48278079833471,0.0650192629584026,13.0,1
2.0,1.0,2.0,1.0,14.423531937401705,0.01946404981408562,16.0,1
3.0,0.0,1.0,1.0,4.580552625207212,0.012870217640222507,13.0,1
3.0,0.0,2.0,1.0,23.100693302967926,0.0015153455300362874,13.0,1
8.0,0.0,3.0,1.0,24.047874826854734,0.06119759065946464,18.0,1
6.0,0.0,2.0,1.0,7.763359857256452,0.2785533923775645,16.0,1
0.0,0.0,3.0,1.0,1.557566931496262,0.3883520161239654,10.0,1
8.0,0.0,3.0,1.0,5.459052867904807,0.04011270385437866,10.0,1
5.0,0.0,1.0,1.0,11.209098772027417,0.22427819991201603,19.0,1
4.0,0.0,6.0,1.0,4.667952576473796,0.0429177111669633,9.0,1
5.0,0.0,2.0,1.0,5.314173875813046,3.2544599460028195e-06,10.0,1
7.0,0.0,2.0,1.0,10.931574042803028,0.32315204614791626,15.0,1
6.0,0.0,1.0,1.0,66.29138827956905,0.1364834114246647,11.0,1
3.0,0.0,5.0,1.0,29.899117032453482,0.023533873561204434,12.0,1
4.0,0.0,3.0,1.0,8.705851020964172,0.000693934853313322,10.0,1
2.0,0.0,1.0,1.0,61.56679074717113,0.010174912510194395,19.0,1
4.0,1.0,4.0,1.0,21.74922202602028,0.028381867525756034,7.0,1
1.0,0.0,1.0,1.0,13.155897217707816,0.05933452664421559,19.0,1
9.0,1.0,1.0,1.0,13.633524653175245,0.06969913289018997,13.0,1
3.0,0.0,3.0,1.0,11.577906974505407,0.004420422411204246,19.0,1
1.0,0.0,6.0,1.0,6.305162318584817,0.003105761579762351,13.0,1
5.0,0.0,1.0,1.0,10.77581020559253,0.24391442656105797,12.0,1
4.0,0.0,1.0,1.0,16.01113584313892,0.04278844973601625,10.0,1
6.0,1.0,2.0,1.0,16.016684830757505,0.09712858927647071,16.0,1
5.0,1.0,2.0,1.0,29.687595259704047,0.018414782095185517,19.0,1
8.0,2.0,1.0,1.0,9.888210326535942,0.05175437295441206,14.0,1
5.0,0.0,1.0,1.0,26.23189917028599,0.007043765253772636,18.0,1
7.0,0.0,4.0,1.0,18.259352320887036,0.04242166291362078,14.0,1
4.0,0.0,3.0,1.0,66.32218140987902,0.019066080490537297,7.0,1
1.0,0.0,2.0,1.0,10.73192825787623,0.22854437292641117,15.0,1
5.0,0.0,4.0,1.0,47.29648660860759,0.2860422607109048,14.0,1
4.0,1.0,1.0,1.0,35.36749043825698,0.06170285729376425,8.0,1
3.0,1.0,2.0,1.0,21.303682125610393,0.07528881645044004,15.0,1
2.0,0.0,4.0,1.0,22.256090171059924,0.046828984855380555,10.0,1
12.0,0.0,1.0,1.0,2.7689740348807894,0.03989763134071682,16.0,1
5.0,0.0,1.0,1.0,61.00469010549739,0.1216438230311914,18.0,1
10.0,0.0,2.0,1.0,3.2619420647886694,0.14267047788705933,12.0,1
6.0,0.0,4.0,1.0,17.567122274800454,0.0002142089863468684,8.0,1
1.0,1.0,1.0,1.0,9.011664889860166,0.08441705660483217,16.0,1
6.0,0.0,1.0,1.0,12.237185293112844,0.10855567467658328,10.0,1
2.0,0.0,4.0,1.0,19.841558171012768,0.11203548581078077,8.0,1
4.0,0.0,2.0,1.0,48.905277892362946,0.0007518673817238573,18.0,1
5.0,0.0,1.0,1.0,13.233818626198254,0.1205093837954822,15.0,1
8.0,1.0,2.0,1.0,89.01123557144437,0.014920168470523309,15.0,1
4.0,0.0,1.0,1.0,18.96960888445733,0.00029325490450330966,11.0,1
2.0,2.0,2.0,1.0,4.500261204152278,0.00819936408576531,9.0,1
1.0,0.0,3.0,1.0,5.2146501296360706,0.18364803922658499,9.0,1
8.0,0.0,3.0,1.0,26.18344175308931,0.10092025912429596,7.0,1
8.0,0.0,3.0,1.0,2.0342422572454444,0.0016665780060640574,19.0,1
4.0,0.0,5.0,1.0,14.091671211911036,0.06642473933052426,14.0,1
1.0,0.0,2.0,1.0,4.208519127157505,0.0019494802700712,9.0,1
9.0,0.0,3.0,1.0,12.355632991561853,0.1457556663862021,18.0,1
4.0,0.0,1.0,1.0,28.719282078953455,0.1410455479953517,10.0,1
2.0,0.0,3.0,1.0,13.279805421479935,0.25786704810814015,8.0,1
4.0,1.0,3.0,1.0,4.569406262788156,0.0005564752621870084,14.0,1
3.0,2.0,2.0,1.0,6.805050674682034,0.2162369004004208,9.0,1
8.0,0.0,2.0,1.0,10.162753021875666,0.13323251748987763,18.0,1
9.0,1.0,3.0,1.0,2.4419791681097394,0.18588964904788385,17.0,1
4.0,0.0,1.0,1.0,18.557639469238616,0.029403724640658987,8.0,1
4.0,0.0,1.0,1.0,19.706096757879862,0.13244671084583584,7.0,1
5.0,0.0,2.0,1.0,2.2833462463765866,0.047746646470441946,19.0,1
11.0,1.0,2.0,1.0,11.293705291259482,0.06717485854268741,16.0,1
8.0,0.0,2.0,1.0,11.688733094761972,0.00578316233134624,8.0,1
6.0,0.0,2.0,1.0,9.123894540884786,0.011463305711723644,8.0,1
2.0,0.0,1.0,1.0,17.317134948245233,0.027497907328342754,19.0,1
8.0,0.0,2.0,1.0,9.491658594585097,0.4988739705184872,10.0,1
7.0,0.0,3.0,1.0,11.77110725734801,0.00021078770845375848,17.0,1
6.0,0.0,2.0,1.0,32.94263365718525,0.13892059351045494,7.0,1
5.0,0.0,2.0,1.0,4.537353655109222,0.005794245054118385,7.0,1
3.0,1.0,1.0,1.0,20.305139734362395,0.18676819667838523,12.0,1
5.0,0.0,2.0,1.0,15.087980989238387,0.0047299828894961,11.0,1
3.0,1.0,3.0,1.0,8.278930284796903,0.05962565175224538,7.0,1
3.0,0.0,1.0,1.0,27.00487705496392,0.01963871402890646,12.0,1
7.0,0.0,2.0,1.0,17.023039765174605,0.0032354376061890858,14.0,1
4.0,0.0,2.0,1.0,13.977306201677901,0.022028036251836157,19.0,1
4.0,0.0,1.0,1.0,23.032495318768195,0.022924989743096338,11.0,1
6.0,1.0,3.0,1.0,33.41911052279044,0.2388649584198961,9.0,1
6.0,0.0,2.0,1.0,72.99452015117582,0.008072835135292982,9.0,1
3.0,1.0,1.0,1.0,20.849961034914838,0.03745344263434216,19.0,1
4.0,0.0,1.0,1.0,42.499428614647414,0.015544255323796604,17.0,1
6.0,1.0,3.0,1.0,1.0218427437544872,0.0389529887536746,18.0,1
6.0,0.0,1.0,1.0,16.110483678859765,0.024634700418606912,8.0,1
6.0,0.0,1.0,1.0,5.8324535900769385,0.026423227607111698,15.0,1
6.0,0.0,2.0,1.0,2.9785684108225348,0.01781120445687029,15.0,1
3.0,0.0,2.0,1.0,16.184501112648874,0.008308530296225301,13.0,1
5.0,0.0,2.0,1.0,28.47360557650015,0.0589052997806174,7.0,1
2.0,0.0,1.0,1.0,11.62983824232957,0.009610266140307102,7.0,1
5.0,0.0,1.0,1.0,23.179765632323445,0.018036877861957,10.0,1
3.0,1.0,1.0,1.0,14.455884441179242,0.12033624863016368,18.0,1
3.0,0.0,1.0,1.0,12.492563549993386,0.0005293685921716461,8.0,1
5.0,0.0,1.0,1.0,7.857036793875243,0.022703631703784248,19.0,1
11.0,0.0,3.0,1.0,10.644553248714601,0.05848589509210902,9.0,1
7.0,0.0,2.0,1.0,9.609371026956204,0.396308159423786,8.0,1
7.0,0.0,2.0,1.0,21.779745481985902,0.014220829429384796,7.0,1
4.0,0.0,2.0,1.0,3.466383138495272,0.04439928594272072,9.0,1
1.0,0.0,1.0,1.0,2.944239853221708,0.02466480468286981,13.0,1
4.0,0.0,2.0,1.0,22.57695760724888,0.017622200291988264,16.0,1
5.0,0.0,1.0,1.0,16.806296762840642,0.021801405162791474,15.0,1
4.0,0.0,1.0,1.0,12.249400534037548,0.00048567497186522785,16.0,1
4.0,0.0,1.0,1.0,4.30794097938635,0.07993943148717549,15.0,1
7.0,0.0,1.0,1.0,11.58750253456737,0.022292994643740294,14.0,1
6.0,0.0,1.0,1.0,32.18742491633884,0.011756167670944456,12.0,1
8.0,0.0,1.0,1.0,45.07675033609888,0.28993567681068383,7.0,1
4.0,0.0,2.0,1.0,25.251969303097084,0.030933052162531678,14.0,1
3.0,0.0,1.0,1.0,2.2356395633686694,0.027635305425228598,14.0,1
0.0,0.0,3.0,1.0,23.19810286809407,0.11384746824671697,18.0,1
4.0,2.0,1.0,1.0,6.514690313234544,0.0671089473759508,15.0,1
1.0,0.0,2.0,1.0,8.574065722804058,0.07048121720871861,16.0,1
4.0,0.0,2.0,1.0,5.359966413888879,0.04241736573994807,17.0,1
3.0,0.0,4.0,1.0,30.90039201080613,0.1340219939840652,18.0,1
5.0,0.0,2.0,1.0,21.916722875265215,0.018071976942415264,12.0,1
6.0,0.0,3.0,1.0,19.926498253661574,0.16105752145387794,9.0,1
6.0,0.0,2.0,1.0,23.05075624945024,0.1051359124393699,12.0,1
4.0,1.0,2.0,1.0,6.40397628775713,1.6091679341700788e-06,14.0,1
4.0,0.0,2.0,1.0,12.762933509676067,0.016867329802703154,13.0,1
5.0,0.0,1.0,1.0,21.061700187667423,0.11218425646953153,19.0,1
1.0,0.0,5.0,1.0,21.244693768457303,0.0002679103176986665,14.0,1
9.0,1.0,1.0,1.0,32.390105089620604,0.009973329616698392,9.0,1
7.0,0.0,4.0,1.0,7.768393700637104,0.05269166917295858,14.0,1
5.0,0.0,2.0,1.0,30.42276875250673,0.06011058914011591,11.0,1
4.0,0.0,1.0,1.0,12.602959583998327,0.012491335097024863,13.0,1
5.0,0.0,4.0,1.0,23.1837214153039,0.20719982823237557,19.0,1
4.0,0.0,1.0,1.0,13.16580639321016,0.024199038823211866,10.0,1
1.0,1.0,3.0,1.0,60.36629963903993,0.07639168372906051,9.0,1
3.0,0.0,1.0,1.0,4.952008077492826,0.017959041820471332,12.0,1
7.0,0.0,4.0,1.0,23.478915079029154,0.030666344960572044,15.0,1
6.0,0.0,1.0,1.0,18.18568829494734,0.00091045400517246,10.0,1
10.0,0.0,2.0,1.0,4.792508285554388,0.14067743646655265,18.0,1
4.0,0.0,2.0,1.0,2.3657124860114473,0.20923427599507352,15.0,1
5.0,0.0,2.0,1.0,33.10337964310258,0.07596932316396637,9.0,1
6.0,0.0,1.0,1.0,4.426477084116511,0.16755048928873298,12.0,1
6.0,0.0,3.0,1.0,5.1283513442660595,0.07253082849722016,18.0,1
8.0,0.0,1.0,1.0,77.73295329575585,0.005774567769210263,11.0,1
4.0,0.0,2.0,1.0,26.264610861317927,0.002505243675595079,15.0,1
3.0,0.0,2.0,1.0,6.766628107154659,0.0013419182289300332,12.0,1
3.0,0.0,4.0,1.0,18.87830677839618,0.09487934400620589,8.0,1
9.0,0.0,3.0,1.0,16.27619340464388,7.230680643970884e-05,10.0,1
7.0,2.0,2.0,1.0,38.21875298087966,0.09745383951467852,11.0,1
2.0,0.0,1.0,1.0,27.136414608284916,0.007538999520473041,17.0,1
2.0,0.0,2.0,1.0,36.64265416998711,0.17481464520366718,17.0,1
4.0,0.0,1.0,1.0,5.752624553797345,0.05571737406305354,15.0,1
6.0,0.0,1.0,1.0,21.44520668013905,0.05719574393287579,19.0,1
9.0,0.0,1.0,1.0,1.8214584037055923,0.09084220108087485,7.0,1
11.0,1.0,1.0,1.0,2.4286442913148556,0.2589174294182827,18.0,1
4.0,1.0,1.0,1.0,26.002222045378467,0.006972963181825488,15.0,1
7.0,0.0,2.0,1.0,1.4944643653750025,0.013047130885360542,16.0,1
7.0,0.0,2.0,1.0,18.338824431002383,0.21388939376895663,7.0,1
3.0,0.0,2.0,1.0,37.702330792357024,0.03861224798508965,7.0,1
7.0,1.0,4.0,1.0,10.558838959141053,0.00592858484472646,10.0,1
5.0,0.0,1.0,1.0,1.9175374123000022,0.047651900646344565,19.0,1
2.0,0.0,2.0,1.0,26.02460434918333,0.20268435053113953,12.0,1
9.0,0.0,1.0,1.0,54.09581576813487,0.034880819501963124,8.0,1
6.0,0.0,1.0,1.0,26.25828380903559,0.04269550243535413,7.0,1
3.0,0.0,2.0,1.0,18.276206889839482,0.1794365664214827,18.0,1
6.0,0.0,3.0,1.0,6.228044124734619,0.020867663776171847,10.0,1
3.0,0.0,4.0,1.0,1.3099010949570484,0.28950313932175925,14.0,1
2.0,0.0,3.0,1.0,24.7273805132918,0.010588347039000414,12.0,1
8.0,0.0,1.0,1.0,6.253966977301002,0.15042413971838947,18.0,1
4.0,0.0,1.0,1.0,40.06148984116848,0.026192280455000504,11.0,1
5.0,0.0,1.0,1.0,13.560830861488004,0.023104935249212536,7.0,1
4.0,0.0,3.0,1.0,16.12751604769825,0.006167570947163203,9.0,1
3.0,0.0,3.0,1.0,29.0433165235294,0.2287501959557781,13.0,1
4.0,1.0,1.0,1.0,31.23085859528779,0.36734501276168646,16.0,1
3.0,0.0,4.0,1.0,21.580838331846376,0.00886165925551675,9.0,1
11.0,0.0,2.0,1.0,56.75220051679108,0.46984788815875167,11.0,1
6.0,0.0,3.0,1.0,81.68204599650554,0.17440510696369224,12.0,1
5.0,0.0,1.0,1.0,59.706085421173114,0.05878653956399107,15.0,1
5.0,0.0,1.0,1.0,35.76579802206946,0.0971346723647774,17.0,1
5.0,0.0,2.0,1.0,25.458031247750718,0.23929973994109463,9.0,1
3.0,0.0,1.0,1.0,22.772795074991503,0.03138915466735309,12.0,1
6.0,0.0,2.0,1.0,3.1907216893840213,0.03814901336025055,17.0,1
4.0,1.0,4.0,1.0,7.334923334261613,0.11225194710592512,8.0,1
5.0,1.0,1.0,1.0,1.1140892616986415,0.24999811310330278,15.0,1
3.0,1.0,2.0,1.0,3.9563127451351474,0.03605729185463223,18.0,1
7.0,0.0,1.0,1.0,12.568870147115145,0.0011830045395387174,15.0,1
3.0,1.0,1.0,1.0,4.169051245128161,0.00040581074889983087,13.0,1
6.0,0.0,3.0,1.0,47.387182815468904,0.08284824133885801,17.0,1
7.0,0.0,2.0,1.0,33.766954595772056,0.07042695862121208,15.0,1
1.0,0.0,3.0,1.0,2.4861087087404954,0.006428896055700155,10.0,1
6.0,0.0,2.0,1.0,6.724694819290126,0.15517024329555526,16.0,1
4.0,1.0,1.0,1.0,35.19310958304089,0.06672929154001381,7.0,1
2.0,0.0,2.0,1.0,33.4957144526868,2.1606471177883506e-08,7.0,1
2.0,0.0,1.0,1.0,59.17295302812629,0.4039575751938824,8.0,1
5.0,0.0,3.0,1.0,121.21508091920131,0.004313244483694183,16.0,1
5.0,1.0,3.0,1.0,75.82035747132657,0.04996002125673454,17.0,1
3.0,0.0,3.0,1.0,11.557332870786462,0.08566852127815316,9.0,1
5.0,1.0,1.0,1.0,6.76240186876689,0.07492930430741733,8.0,1
11.0,0.0,2.0,1.0,29.410279854619866,0.10464700984651826,10.0,1
2.0,0.0,1.0,1.0,8.112735167770246,0.006743509323425635,14.0,1
6.0,0.0,2.0,1.0,33.83925928647758,0.0018143368353814226,9.0,1
5.0,0.0,3.0,1.0,16.26945009011872,0.12742251156906353,10.0,1
3.0,0.0,3.0,1.0,32.59052279307914,0.17555691404288218,8.0,1
4.0,0.0,1.0,1.0,7.455959767304275,0.00012797126292752797,7.0,1
10.0,0.0,2.0,1.0,15.18664166898848,0.1297018306532543,14.0,1
1.0,0.0,2.0,1.0,17.603352192086074,0.09194450442842406,13.0,1
8.0,0.0,1.0,1.0,58.33203471205431,0.008550663560307094,16.0,1
3.0,0.0,1.0,1.0,7.201214386571541,2.1174283767347162e-05,8.0,1
5.0,0.0,4.0,1.0,56.193683476036746,0.07669598910319396,14.0,1
4.0,0.0,2.0,1.0,33.680649431873206,0.12348206277255003,19.0,1
11.0,0.0,2.0,1.0,27.253002518808163,0.014630908731410992,16.0,1
3.0,0.0,2.0,1.0,31.91708467637734,0.10589893420112413,9.0,1
4.0,0.0,3.0,1.0,19.598923179486288,0.1876903177258988,13.0,1
3.0,0.0,3.0,1.0,6.596394846969965,0.05155918026857425,7.0,1
3.0,0.0,2.0,1.0,5.201954606972494,0.0551973109299494,18.0,1
8.0,1.0,2.0,1.0,41.249335190311484,0.06398033788895972,19.0,1
1.0,0.0,2.0,1.0,26.829824567450068,0.06701523154765265,9.0,1
5.0,1.0,1.0,1.0,5.795732714942149,0.029981552339499045,15.0,1
7.0,0.0,1.0,1.0,20.09508965738075,0.02779849054337207,10.0,1
3.0,0.0,2.0,1.0,12.867719567716147,0.01768393987379025,7.0,1
7.0,0.0,1.0,1.0,4.455073584417811,0.027798077799051305,17.0,1
5.0,1.0,3.0,1.0,16.179634155586623,0.00033904133470137804,12.0,1
7.0,0.0,3.0,1.0,7.612322929806471,0.05524335201552441,7.0,1
5.0,0.0,1.0,1.0,3.0239200781317495,0.07513238979131828,16.0,1
7.0,1.0,3.0,1.0,13.583112375000088,0.021314216064635978,7.0,1
5.0,0.0,2.0,1.0,18.837258310860562,0.001513733345392291,8.0,1
4.0,0.0,1.0,1.0,1.960843497667752,0.2803783810641353,9.0,1
5.0,0.0,2.0,1.0,11.286392728202925,0.0006285757321930562,19.0,1
11.0,0.0,1.0,1.0,6.959010118819288,0.005227050451923534,8.0,1
7.0,0.0,2.0,1.0,1.6226028916397044,0.11006669110064375,14.0,1
6.0,0.0,2.0,1.0,3.685777580018181,0.017585584442876143,12.0,1
3.0,0.0,1.0,1.0,3.994008975315631,0.4601679683025107,7.0,1
0.0,0.0,3.0,1.0,5.039245537884169,0.0037560128400664808,12.0,1
10.0,0.0,2.0,1.0,33.52939991136045,0.0016510988011487124,7.0,1
5.0,0.0,2.0,1.0,12.578230507708964,0.39462905118224584,15.0,1
5.0,0.0,1.0,1.0,4.181930962873313,0.05564797742728772,9.0,1
3.0,0.0,2.0,1.0,3.1138106672177757,0.0010960533168808992,18.0,1
4.0,0.0,1.0,1.0,8.074741238555042,0.04094900169259333,7.0,1
2.0,0.0,3.0,1.0,32.991288196034205,0.022196043007407216,7.0,1
2.0,0.0,2.0,1.0,10.065600170137715,0.3686441210564426,8.0,1
7.0,0.0,2.0,1.0,4.48462408966238,0.005317630255109457,19.0,1
3.0,1.0,2.0,1.0,11.354191327986232,0.3033868635473994,12.0,1
1.0,0.0,3.0,1.0,17.207627415108735,0.04812785172461939,7.0,1
3.0,0.0,2.0,1.0,1.600612453569148,0.07567049248243338,13.0,1
7.0,0.0,2.0,1.0,20.757979772896462,0.00039388438165718117,17.0,1
5.0,0.0,6.0,1.0,11.053867374566988,0.050552184968762674,18.0,1
5.0,1.0,2.0,1.0,1.195469607492844,0.010644715180229612,10.0,1
4.0,0.0,1.0,1.0,23.410373762356706,0.02843499096995449,13.0,1
5.0,0.0,3.0,1.0,25.9228332454883,0.0006079456424348382,10.0,1
5.0,0.0,1.0,1.0,20.822429456406315,0.08699887718314332,17.0,1
3.0,0.0,2.0,1.0,9.36888601995865,0.45003251005352657,10.0,1
3.0,0.0,1.0,1.0,16.083644029374717,0.10708768460900743,10.0,1
6.0,0.0,4.0,1.0,10.792952910621464,0.001295246884966599,16.0,1
6.0,0.0,1.0,1.0,25.120947773085785,0.14420064978693894,18.0,1
4.0,0.0,2.0,1.0,18.521227197615985,0.07625151073922896,16.0,1
9.0,0.0,1.0,1.0,2.7067816409634267,0.03306831577155798,14.0,1
6.0,0.0,2.0,1.0,21.60563198777208,0.3994991552535167,8.0,1
5.0,0.0,3.0,1.0,24.24628171675596,0.1542686527958042,14.0,1
5.0,0.0,3.0,1.0,10.263013071971715,0.3997037470996037,16.0,1
4.0,1.0,2.0,1.0,42.714952620182686,0.37173571859266374,17.0,1
10.0,0.0,1.0,1.0,38.03201819895043,0.11810211495603833,7.0,1
6.0,1.0,2.0,1.0,4.851475203450627,0.13539219138788577,19.0,1
2.0,0.0,2.0,1.0,47.92369978080599,0.2746469824220668,13.0,1
4.0,0.0,1.0,1.0,12.62755032271819,0.03959687619666456,13.0,1
3.0,0.0,2.0,1.0,26.728955374370855,0.06854167080917425,12.0,1
2.0,0.0,2.0,1.0,34.65060568308616,0.03429731909014457,10.0,1
5.0,1.0,3.0,1.0,15.068493109593446,0.019052520044870184,11.0,1
6.0,1.0,2.0,1.0,11.18659950181981,0.2605766840843011,7.0,1
5.0,0.0,1.0,1.0,50.40856781637612,0.0379367039967379,8.0,1
10.0,0.0,3.0,1.0,6.249477785842455,0.10198786160301013,16.0,1
5.0,0.0,1.0,1.0,6.94037925652974,0.20216671617705928,13.0,1
5.0,1.0,2.0,1.0,9.976441070985958,0.004373602042340151,8.0,1
4.0,0.0,2.0,1.0,40.24608493408458,0.03558538965489035,14.0,1
4.0,0.0,2.0,1.0,56.86832693246882,0.07013903131199631,13.0,1
3.0,0.0,1.0,1.0,5.970963537106382,0.0008578264838031522,16.0,1
6.0,0.0,3.0,1.0,40.882921038911284,0.037127407140503,14.0,1
4.0,0.0,2.0,1.0,6.973592070241556,0.022944087565352985,10.0,1
2.0,0.0,1.0,1.0,71.56329080741395,0.2513073756987193,7.0,1
9.0,1.0,3.0,1.0,19.196627370120808,0.15945972080228427,13.0,1
5.0,0.0,2.0,1.0,1.1422339142934346,0.010008255409385929,7.0,1
9.0,0.0,3.0,1.0,1.6945186015304374,0.05696822010330398,13.0,1
5.0,0.0,3.0,1.0,4.191278486109394,0.08411014182248355,15.0,1
5.0,0.0,3.0,1.0,5.154588184488799,0.00888692368918957,11.0,1
1.0,0.0,2.0,1.0,30.187550829949245,0.029198084571473423,8.0,1
5.0,0.0,1.0,1.0,6.040273132974865,0.01835004116142749,17.0,1
8.0,0.0,4.0,1.0,70.56693860360284,0.1515759834309835,7.0,1
6.0,0.0,3.0,1.0,21.218186163987802,0.04235079939848046,14.0,1
2.0,0.0,1.0,1.0,24.586742680371838,0.009267286511865288,19.0,1
5.0,0.0,2.0,1.0,5.913318717761779,0.028954049132130028,10.0,1
5.0,0.0,1.0,1.0,45.64370952649389,0.014974369764292499,14.0,1
4.0,0.0,5.0,1.0,23.041239007496426,0.2014528644419036,8.0,1
6.0,0.0,2.0,1.0,40.96174763566857,0.06060080851009332,19.0,1
5.0,0.0,1.0,1.0,63.69119777733742,0.013357581148942465,9.0,1
6.0,0.0,1.0,1.0,3.6852841267004646,0.3086720492428072,9.0,1
5.0,0.0,1.0,1.0,3.0315144134216427,0.019282558588873122,10.0,1
4.0,0.0,1.0,1.0,33.532477635496065,0.014795527930208793,15.0,1
7.0,0.0,2.0,1.0,41.21713322626164,0.0032168736461937885,15.0,1
5.0,0.0,1.0,1.0,18.529933512172203,0.0661486191691372,11.0,1
7.0,0.0,2.0,1.0,10.11414377010192,0.05783529829332039,13.0,1
6.0,0.0,2.0,1.0,22.14727474065844,0.13392018801003377,19.0,1
4.0,0.0,6.0,1.0,8.29598780663244,0.14456366197738324,15.0,1
8.0,0.0,4.0,1.0,6.446300182364969,0.1486088302908201,7.0,1
4.0,0.0,2.0,1.0,14.394286130523206,0.024346747467555833,19.0,1
3.0,0.0,3.0,1.0,5.870849731295551,0.07772128301489808,8.0,1
5.0,0.0,1.0,1.0,14.221485518331287,0.2525215130204395,12.0,1
10.0,0.0,2.0,1.0,63.74891489170471,0.201604501747929,9.0,1
6.0,0.0,1.0,1.0,37.62465192975226,0.010107359536016835,17.0,1
4.0,1.0,1.0,1.0,57.819379456923684,0.0003978349124199052,18.0,1
3.0,1.0,1.0,1.0,33.831886119209585,0.00037039538848617176,17.0,1
3.0,1.0,2.0,1.0,9.762377818034972,0.02059589479689044,13.0,1
5.0,1.0,4.0,1.0,34.431079514035474,0.0033042170630887637,11.0,1
2.0,0.0,2.0,1.0,52.25712431607092,0.03904842177853122,16.0,1
6.0,1.0,4.0,1.0,59.762776714345755,0.14948518821654008,14.0,1
2.0,0.0,1.0,1.0,23.989556692219143,0.003551935343726724,19.0,1
5.0,0.0,1.0,1.0,5.749075209117192,0.2993425690486113,7.0,1
2.0,0.0,2.0,1.0,1.8107980480039685,0.07783899499193717,15.0,1
6.0,0.0,1.0,1.0,4.184609862259785,0.06632874432415285,17.0,1
3.0,1.0,2.0,1.0,68.36313638911943,0.001222560036738617,16.0,1
5.0,0.0,3.0,1.0,13.401534112710767,0.1128811907801041,12.0,1
2.0,0.0,1.0,1.0,39.61850183556848,0.006476912356403235,18.0,1
6.0,0.0,1.0,1.0,13.511421310148341,0.017428664350510877,11.0,1
6.0,0.0,1.0,1.0,22.624344288764263,0.22159325957111112,14.0,1
7.0,0.0,1.0,1.0,1.4887388365463727,0.045075661425438555,18.0,1
6.0,1.0,1.0,1.0,6.750040245788147,0.09497608683549709,18.0,1
6.0,0.0,2.0,1.0,12.463571767643142,0.0132079872361984,10.0,1
4.0,0.0,4.0,1.0,20.919185245398662,0.032439267297773335,18.0,1
4.0,0.0,1.0,1.0,4.763280328710261,0.19985985550522417,19.0,1
7.0,0.0,2.0,1.0,29.925258426827746,0.023195069951014714,15.0,1
5.0,0.0,1.0,1.0,10.06386497178045,0.08620586917831002,11.0,1
5.0,0.0,2.0,1.0,35.0130095943502,0.28794332155130553,7.0,1
8.0,0.0,1.0,1.0,3.0621298330390068,0.04710736675218712,14.0,1
4.0,0.0,3.0,1.0,23.773478177072523,0.28570170996460725,15.0,1
2.0,0.0,1.0,1.0,7.943782487161122,0.04917251969500565,11.0,1
3.0,0.0,3.0,1.0,32.73232381862189,0.0018003053782654087,19.0,1
4.0,0.0,3.0,1.0,11.288991214090233,0.011851292935351934,11.0,1
6.0,0.0,3.0,1.0,22.893379411346416,0.13596994342064334,12.0,1
9.0,1.0,2.0,1.0,55.45473098086246,0.007124852985352392,15.0,1
3.0,0.0,3.0,1.0,1.4168466451230421,0.08513479169066408,11.0,1
5.0,0.0,3.0,1.0,1.223580711188846,0.11135033248536905,8.0,1
3.0,0.0,1.0,1.0,30.417816952453776,0.07832704093010215,9.0,1
2.0,0.0,1.0,1.0,21.791385953985454,0.010238217082660494,17.0,1
4.0,0.0,4.0,1.0,7.933918592553558,0.2882743079935863,16.0,1
9.0,0.0,2.0,1.0,14.640058295181783,0.2087019443106928,9.0,1
4.0,0.0,1.0,1.0,1.8568069671766243,0.05380312783369846,15.0,1
5.0,0.0,2.0,1.0,5.274897287445664,0.06641531439628404,14.0,1
8.0,0.0,3.0,1.0,12.050195022957848,0.008510955070060444,19.0,1
8.0,0.0,2.0,1.0,36.92070188054963,0.00876818816734523,19.0,1
5.0,0.0,4.0,1.0,14.06573278358063,0.14021970519080296,12.0,1
3.0,1.0,2.0,1.0,18.65530607056869,0.0032498838088809183,11.0,1
9.0,0.0,1.0,1.0,42.39042493744092,0.3275232927976257,16.0,1
2.0,1.0,3.0,1.0,8.387068505529278,0.006939541505745321,8.0,1
8.0,0.0,1.0,1.0,25.12613191680485,0.022719639676793295,15.0,1
7.0,0.0,2.0,1.0,40.561866540610744,0.03493399897721082,16.0,1
6.0,0.0,3.0,1.0,5.528370681820072,0.18313132266790322,14.0,1
9.0,0.0,4.0,1.0,9.815986422548255,0.24591757694304375,11.0,1
3.0,0.0,2.0,1.0,79.05152918684165,0.02627449689364606,12.0,1
6.0,0.0,1.0,1.0,82.7496410196297,0.34434996668073276,15.0,1
7.0,0.0,1.0,1.0,6.052217859836881,1.818689928772725e-05,7.0,1
7.0,0.0,3.0,1.0,2.3751259657225616,0.0006525286679770109,19.0,1
5.0,0.0,2.0,1.0,7.319480473743436,0.028251856793152806,10.0,1
5.0,0.0,1.0,1.0,11.141053582418952,0.17774724259310123,11.0,1
1.0,1.0,3.0,1.0,12.632316508641772,0.1725195790643445,15.0,1
7.0,0.0,1.0,1.0,20.288953066528933,0.0788566576347819,18.0,1
4.0,0.0,4.0,1.0,46.95250031711271,0.06765846407697129,11.0,1
7.0,0.0,4.0,1.0,9.019942445995534,0.0033319842481634955,11.0,1
5.0,0.0,1.0,1.0,38.94033787056069,0.09629952053252445,18.0,1
5.0,0.0,2.0,1.0,2.9628199161020805,0.006955605148937492,18.0,1
3.0,0.0,2.0,1.0,1.8555343034580152,0.08316305185996194,9.0,1
5.0,0.0,1.0,1.0,15.0254090282718,0.34664994020967155,14.0,1
5.0,0.0,2.0,1.0,2.230322627635754,7.869872652575805e-05,13.0,1
4.0,0.0,3.0,1.0,10.967726316330994,0.04923355685273651,14.0,1
3.0,0.0,2.0,1.0,46.41748805144928,0.2975793482697876,10.0,1
3.0,1.0,2.0,1.0,6.527802310454192,0.12330333683908111,14.0,1
5.0,0.0,1.0,1.0,25.48186235007206,0.5829646692978523,16.0,1
10.0,0.0,1.0,1.0,8.201195961705835,0.024440520399736005,10.0,1
2.0,0.0,1.0,1.0,1.919204604334067,0.06710014915642659,7.0,1
5.0,1.0,5.0,1.0,17.26974581840396,0.07055898073134018,10.0,1
3.0,0.0,1.0,1.0,37.018445258454996,0.015265932553996837,11.0,1
4.0,0.0,1.0,1.0,11.534644253364345,0.11653648298022214,16.0,1
6.0,1.0,1.0,1.0,20.20975510273059,0.2254153247473102,14.0,1
3.0,0.0,2.0,1.0,47.05642194836315,0.018887277761482198,18.0,1
4.0,0.0,2.0,1.0,32.18388208130179,0.07109236122243372,16.0,1
4.0,0.0,1.0,1.0,5.310363952065162,0.009154184066682855,12.0,1
5.0,0.0,1.0,1.0,27.43891411248863,0.1757454050082037,17.0,1
8.0,1.0,1.0,1.0,14.938808322205167,0.002314704565534076,16.0,1
5.0,0.0,2.0,1.0,28.405806857746725,0.1279004912780479,11.0,1
6.0,0.0,2.0,1.0,14.644760073000398,0.08758700896549201,9.0,1
3.0,0.0,1.0,1.0,3.738357585679887,0.1987479438106698,10.0,1
4.0,0.0,3.0,1.0,17.87519006741014,0.009094163302328349,12.0,1
5.0,0.0,2.0,1.0,14.55075261514676,0.0017504375249585433,12.0,1
6.0,0.0,1.0,1.0,15.592975995524286,0.0017037960909354556,12.0,1
7.0,1.0,3.0,1.0,43.2231777989701,0.00262913133149562,8.0,1
5.0,0.0,1.0,1.0,46.04488391404103,0.01782274027708567,17.0,1
2.0,0.0,2.0,1.0,13.085777452032932,0.1421664804175168,18.0,1
6.0,0.0,1.0,1.0,13.166271644464919,0.00034239408261959144,14.0,1
4.0,0.0,3.0,1.0,15.479838891472006,0.3026497198018682,14.0,1
2.0,0.0,3.0,1.0,15.662277416404578,0.05313074490007176,12.0,1
4.0,0.0,3.0,1.0,61.070105777958375,0.10259331188751274,10.0,1
2.0,0.0,1.0,1.0,21.962212791497606,0.0013946197383140064,8.0,1
3.0,0.0,3.0,1.0,7.499566762410158,0.25348912091463305,12.0,1
4.0,0.0,3.0,1.0,16.16595444891717,0.21574444394691242,12.0,1
7.0,1.0,3.0,1.0,20.735529140899448,2.375489496031421e-05,16.0,1
5.0,0.0,2.0,1.0,21.420346803983062,0.004454661448086527,9.0,1
5.0,0.0,2.0,1.0,18.6017907961685,0.22676498422606992,8.0,1
7.0,0.0,1.0,1.0,4.913879112995883,0.04516922115933561,10.0,1
9.0,0.0,2.0,1.0,1.6834080820480413,0.08595226878318717,14.0,1
7.0,0.0,3.0,1.0,9.245053402551116,0.14567202940103952,11.0,1
6.0,0.0,2.0,1.0,12.155624844487331,0.0011839879989129802,9.0,1
6.0,2.0,2.0,1.0,2.275933038768285,0.06397668823018858,19.0,1
9.0,0.0,2.0,1.0,34.74445836486147,0.14943384925877753,19.0,1
2.0,0.0,2.0,1.0,9.434250839821582,0.10772368069434275,18.0,1
3.0,0.0,2.0,1.0,49.98293363417946,0.2615461729345757,11.0,1
9.0,0.0,1.0,1.0,4.3544159590680085,0.00038262883168171014,15.0,1
3.0,0.0,2.0,1.0,2.172400482230652,0.16305873107135982,17.0,1
8.0,0.0,4.0,1.0,14.167809262459594,0.07465856552714642,14.0,1
5.0,1.0,2.0,1.0,5.19293431583031,0.15611717064373068,18.0,1
4.0,1.0,2.0,1.0,56.41956857408805,0.0007133979409000838,16.0,1
9.0,0.0,2.0,1.0,1.207136918149877,0.2665409801130178,13.0,1
2.0,0.0,2.0,1.0,11.641655118841689,0.01899491550444113,10.0,1
5.0,0.0,1.0,1.0,53.27693212451733,0.07694736960372615,8.0,1
10.0,1.0,1.0,1.0,10.703749060783963,0.0006460015606624022,18.0,1
5.0,0.0,2.0,1.0,2.954666438075812,0.3915890014040348,15.0,1
4.0,0.0,4.0,1.0,8.21638303956847,0.01921331950119392,9.0,1
7.0,0.0,4.0,1.0,14.783517287084505,0.04338345137281099,12.0,1
3.0,0.0,2.0,1.0,5.095066050066383,0.1542749930913079,19.0,1
6.0,0.0,1.0,1.0,13.568237518582638,0.01589732782942072,13.0,1
3.0,1.0,2.0,1.0,37.19967402110663,0.06126502819474376,18.0,1
3.0,1.0,1.0,1.0,42.21129198283288,0.303940934371748,9.0,1
4.0,0.0,4.0,1.0,2.0103084603848362,0.3244122460055813,9.0,1
1.0,0.0,2.0,1.0,4.508587841671615,0.00015875407433818173,9.0,1
2.0,2.0,2.0,1.0,7.439677829766256,0.05944731539703484,9.0,1
4.0,0.0,1.0,1.0,19.07074068689278,0.08238774980457832,9.0,1
5.0,0.0,2.0,1.0,9.956852448710565,0.03353861041471643,13.0,1
8.0,0.0,1.0,1.0,38.163231436204576,0.03235311740223817,19.0,1
7.0,1.0,2.0,1.0,26.222991539601374,0.004304555369181363,11.0,1
7.0,0.0,1.0,1.0,3.1173467283623086,0.03664510133744186,10.0,1
2.0,0.0,1.0,1.0,20.592999107110952,0.015667784634482335,12.0,1
6.0,1.0,1.0,1.0,3.398490610719074,0.01332379380858251,14.0,1
8.0,0.0,1.0,1.0,6.888378809109144,0.2965004218278843,8.0,1
6.0,1.0,2.0,1.0,4.917150323604681,0.011927644003488095,18.0,1
4.0,0.0,2.0,1.0,4.800509902169564,0.03299722113725339,9.0,1
4.0,0.0,2.0,1.0,20.162865393229957,0.12484510491964201,8.0,1
4.0,0.0,3.0,1.0,17.58414610000268,0.2432833698301096,13.0,1
1.0,0.0,1.0,1.0,4.872378313217189,0.027573047853264684,18.0,1
6.0,0.0,3.0,1.0,93.45203558177579,0.006639130964372644,8.0,1
8.0,1.0,1.0,1.0,11.957979604916726,0.004945237437525913,11.0,1
7.0,0.0,1.0,1.0,3.0421900775581836,0.0754394673412936,17.0,1
7.0,1.0,2.0,1.0,3.5696038165734554,9.702660768627526e-05,16.0,1
6.0,0.0,1.0,1.0,18.53629111009696,0.001746854132914499,15.0,1
6.0,0.0,2.0,1.0,78.33086475203835,0.15141687086070857,14.0,1
4.0,0.0,1.0,1.0,17.970356827458662,0.08559662896418326,14.0,1
3.0,0.0,1.0,1.0,60.53486488263414,0.002241688152374981,9.0,1
6.0,0.0,4.0,1.0,12.744519069891872,0.022715911421179836,19.0,1
3.0,0.0,1.0,1.0,12.448386720987642,0.07661259271803599,19.0,1
10.0,0.0,1.0,1.0,14.863237986000598,0.09133753656980208,18.0,1
5.0,0.0,2.0,1.0,24.908552250940325,0.07290800157264282,7.0,1
6.0,0.0,4.0,1.0,10.1651684271708,0.0018508042484193046,8.0,1
6.0,0.0,1.0,1.0,40.885254983203986,0.03580026626592708,13.0,1
4.0,0.0,1.0,1.0,1.5943728265264192,0.002940103057812001,10.0,1
6.0,0.0,2.0,1.0,12.587950071520442,0.20322859789770498,19.0,1
5.0,0.0,2.0,1.0,15.307522458768373,0.06424238281054036,16.0,1
3.0,0.0,1.0,1.0,19.68055403362852,0.10548587890508948,11.0,1
2.0,0.0,1.0,1.0,7.461264360036164,0.16837457984694496,19.0,1
3.0,0.0,5.0,1.0,12.154151179762584,0.0004278633731772885,7.0,1
2.0,0.0,1.0,1.0,14.253824169914811,0.031609329946528826,17.0,1
8.0,1.0,1.0,1.0,24.225290435047917,0.09318069813695264,8.0,1
7.0,0.0,1.0,1.0,30.70410858370348,0.013429191291381594,15.0,1
4.0,0.0,2.0,1.0,27.775038727265766,0.06709558462946472,12.0,1
3.0,0.0,1.0,1.0,9.358337783992617,0.07440283200347117,13.0,1
3.0,2.0,3.0,1.0,151.13087253207888,0.0224261825862524,19.0,1
6.0,0.0,2.0,1.0,38.76522833401645,0.02228293463368529,11.0,1
5.0,0.0,2.0,1.0,7.022733572275756,0.01036038695681074,15.0,1
1.0,0.0,3.0,1.0,5.3408889164082165,0.001156656976669734,16.0,1
8.0,0.0,2.0,1.0,8.538172585257472,0.07020658216854161,11.0,1
9.0,0.0,1.0,1.0,13.042189678350848,0.003810038295447114,12.0,1
4.0,0.0,2.0,1.0,39.04926848925074,0.08224230920005832,16.0,1
7.0,0.0,3.0,1.0,31.134220977416085,0.03675218790648744,15.0,1
3.0,0.0,1.0,1.0,39.10924348862534,9.046511349637881e-05,11.0,1
7.0,0.0,1.0,1.0,7.347906488605127,0.0031384684595553536,10.0,1
5.0,0.0,1.0,1.0,19.001519216430868,0.0343865137489233,18.0,1
6.0,0.0,1.0,1.0,7.660537318429323,0.0004240938125459956,11.0,1
8.0,1.0,1.0,1.0,3.3087369184536946,0.003979306846393503,17.0,1
2.0,0.0,2.0,1.0,24.052780635215868,0.13060064287950818,19.0,1
4.0,1.0,2.0,1.0,4.086290059470982,0.12470326208780388,11.0,1
9.0,0.0,3.0,1.0,23.03420735765655,0.05357665508445042,11.0,1
4.0,1.0,4.0,1.0,21.880454040132186,0.008453027840074083,7.0,1
4.0,0.0,2.0,1.0,34.24079329422211,0.0065799210405978305,11.0,1
3.0,0.0,1.0,1.0,4.006102442581868,0.1656347619177284,11.0,1
4.0,0.0,4.0,1.0,31.601460858863412,0.3480741585488155,7.0,1
4.0,0.0,3.0,1.0,145.62891749292905,9.714394812389715e-06,19.0,1
6.0,0.0,1.0,1.0,39.081878069275334,0.3119163173898424,10.0,1
7.0,0.0,1.0,1.0,28.871381260531265,0.0958160173045395,14.0,1
3.0,0.0,3.0,1.0,22.703974365539082,0.037161642301055176,10.0,1
6.0,0.0,1.0,1.0,11.956068551535527,0.16542219295447338,13.0,1
8.0,0.0,4.0,1.0,27.22375023215369,0.0008065101023272556,12.0,1
7.0,0.0,1.0,1.0,26.75999352518194,0.1676908824566481,11.0,1
3.0,0.0,2.0,1.0,20.96619814169751,0.21056542287408633,15.0,1
4.0,0.0,2.0,1.0,32.82001633101731,0.18104575399422776,19.0,1
6.0,1.0,2.0,1.0,12.911840939271261,0.009372177760680785,14.0,1
8.0,0.0,2.0,1.0,3.585158444293491,0.056248908930064984,11.0,1
3.0,0.0,2.0,1.0,17.377279853494173,0.0007164084054806872,16.0,1
4.0,1.0,1.0,1.0,7.15888008519113,0.20533524376322995,13.0,1
3.0,0.0,3.0,1.0,10.704232859351363,0.00510033501089047,17.0,1
8.0,0.0,4.0,1.0,1.3513665444929526,0.11309667061814484,15.0,1
1.0,1.0,1.0,1.0,10.650938179248499,0.00748311692641664,13.0,1
3.0,0.0,1.0,1.0,34.08882127217687,0.14221677634822613,9.0,1
7.0,0.0,2.0,1.0,16.649291207572514,0.06085574313354643,16.0,1
5.0,1.0,2.0,1.0,1.1969773640797503,0.05409062795031175,17.0,1
9.0,1.0,2.0,1.0,13.691672741049926,0.0024992942103823734,11.0,1
5.0,0.0,4.0,1.0,7.890739521806076,0.006585546673788158,18.0,1
4.0,0.0,1.0,1.0,13.984544959430036,0.0033962144365003487,15.0,1
5.0,0.0,1.0,1.0,11.373551444030957,0.011900561978348765,15.0,1
7.0,0.0,2.0,1.0,54.758840514924074,0.007015705076321168,14.0,1
3.0,0.0,1.0,1.0,1.8409820038606044,0.002775691477172519,19.0,1
6.0,0.0,3.0,1.0,24.01420305577143,0.015461910003798447,12.0,1
7.0,1.0,1.0,1.0,39.079749752777346,0.012453843090867197,13.0,1
4.0,1.0,3.0,1.0,65.00038694496055,0.032903153338586046,13.0,1
4.0,0.0,2.0,1.0,4.911448700756175,0.027078988291669232,17.0,1
4.0,0.0,3.0,1.0,16.15605238786675,0.20982372029661944,7.0,1
3.0,0.0,2.0,1.0,1.891362912585107,0.15075456613845484,14.0,1
4.0,0.0,1.0,1.0,14.830311225701823,0.005302888893105175,12.0,1
2.0,0.0,3.0,1.0,3.681101212373101,0.12210268479029074,13.0,1
7.0,0.0,1.0,1.0,37.390426731253115,0.16742911061588017,16.0,1
6.0,0.0,2.0,1.0,3.417832304364956,0.03895742115036707,16.0,1
7.0,1.0,2.0,1.0,15.401668941053703,0.12254436983277116,17.0,1
5.0,0.0,3.0,1.0,15.725105265157888,0.0707474547405951,8.0,1
4.0,0.0,1.0,1.0,72.26291625375357,0.11007256560267696,13.0,1
5.0,0.0,3.0,1.0,22.283098084177404,0.00021303008941422156,14.0,1
4.0,0.0,1.0,1.0,7.789061704938404,0.0007285028150138363,18.0,1
7.0,1.0,1.0,1.0,6.509782455078539,0.12315211496182851,11.0,1
5.0,0.0,2.0,1.0,3.7450107018378045,0.07139944506850325,7.0,1
6.0,0.0,1.0,1.0,29.253976133234787,0.04796830135500618,12.0,1
5.0,0.0,3.0,1.0,24.47253583140808,0.003188421339705181,19.0,1
2.0,0.0,3.0,1.0,19.82587062589018,0.1524477126061453,9.0,1
4.0,2.0,2.0,1.0,1.8339567873327518,0.0016369520021300367,11.0,1
4.0,0.0,1.0,1.0,29.779466313976194,0.00827995416690328,15.0,1
6.0,0.0,1.0,1.0,21.538166231342487,0.1178666760811438,13.0,1
11.0,0.0,1.0,1.0,67.42308197173847,0.012631890733412266,14.0,1
6.0,0.0,3.0,1.0,18.69594448826791,0.022666421460570286,12.0,1
8.0,0.0,1.0,1.0,8.246730428220078,0.06319104093124964,15.0,1
5.0,0.0,3.0,1.0,10.609826335741866,0.27175864933583765,9.0,1
3.0,0.0,2.0,1.0,4.867828980811662,0.07486985188100731,7.0,1
5.0,1.0,2.0,1.0,26.668560184582798,0.08737509979622214,16.0,1
1.0,0.0,4.0,1.0,25.600974232700086,0.004468407886194633,19.0,1
8.0,0.0,2.0,1.0,5.479128018681278,0.013001778488842089,18.0,1
6.0,1.0,3.0,1.0,4.451131551826737,0.003311041278577025,18.0,1
4.0,0.0,1.0,1.0,2.602627784826825,0.003486788085492555,18.0,1
7.0,0.0,3.0,1.0,49.60285725011269,0.006050560985812644,17.0,1
1.0,0.0,1.0,1.0,6.307190592040713,0.18886998624956547,10.0,1
7.0,0.0,1.0,1.0,9.436875993963717,0.07859612300336219,14.0,1
3.0,0.0,4.0,1.0,7.584100373222586,0.060056523334971884,12.0,1
9.0,0.0,2.0,1.0,11.675901692576952,0.020254858383944977,13.0,1
4.0,0.0,1.0,1.0,26.038682198644867,0.0016406889780411122,19.0,1
2.0,0.0,2.0,1.0,41.896263100586054,0.03602756931853311,15.0,1
4.0,0.0,1.0,1.0,5.032503560745996,4.3190935668351477e-10,8.0,1
6.0,0.0,2.0,1.0,24.193527054001937,0.2619246982293335,13.0,1
2.0,0.0,3.0,1.0,9.694649251787464,0.008885066242960987,18.0,1
1.0,0.0,1.0,1.0,79.77470061794233,0.041580241500022055,10.0,1
7.0,0.0,2.0,1.0,8.102641532105709,0.019334024350891172,13.0,1
7.0,0.0,2.0,1.0,1.1443790008043462,0.028370012983529747,14.0,1
6.0,0.0,2.0,1.0,15.498535869157266,0.13957463913047383,18.0,1
8.0,0.0,2.0,1.0,4.267587974868764,0.0015512902774235686,8.0,1
7.0,1.0,2.0,1.0,1.910293651607144,0.1284323129417663,19.0,1
5.0,0.0,3.0,1.0,24.964403114844245,0.06143245218797564,13.0,1
6.0,0.0,1.0,1.0,27.35472477641823,0.21709589016226002,14.0,1
6.0,0.0,1.0,1.0,13.349628934129216,0.06294856896705087,18.0,1
7.0,0.0,2.0,1.0,23.594971625427974,0.1864084369525764,7.0,1
6.0,0.0,4.0,1.0,16.454176170126985,0.004169299573518719,17.0,1
3.0,1.0,1.0,1.0,20.87429742145712,0.14083404586300458,16.0,1
3.0,1.0,1.0,1.0,19.1616885768955,0.024755820477785576,11.0,1
1.0,0.0,1.0,1.0,22.921675604167632,0.08449210232529587,15.0,1
5.0,0.0,2.0,1.0,5.453639374026413,0.08128320750087896,8.0,1
3.0,0.0,2.0,1.0,7.258811183377544,0.044038320812029595,12.0,1
9.0,0.0,2.0,1.0,12.595053859348202,4.98544331408238e-07,8.0,1
8.0,0.0,3.0,1.0,12.816433657355727,0.009532137336917901,9.0,1
4.0,1.0,3.0,1.0,30.780873475365635,0.2670301520407393,17.0,1
2.0,1.0,3.0,1.0,10.158138896239901,0.0013640038228242427,12.0,1
3.0,1.0,2.0,1.0,4.546803435808855,0.08062104644322757,11.0,1
2.0,0.0,1.0,1.0,6.792772251002307,0.01348109709216547,10.0,1
4.0,0.0,3.0,1.0,5.834642628078277,0.15704031965348078,13.0,1
4.0,0.0,2.0,1.0,27.310010351592076,0.0009086523721812569,9.0,1
5.0,0.0,4.0,1.0,13.710385202757479,0.0033524934747539924,19.0,1
8.0,0.0,2.0,1.0,25.663274745467938,0.011866605883711292,16.0,1
6.0,0.0,2.0,1.0,11.764610652056707,0.04167888505624682,13.0,1
3.0,0.0,3.0,1.0,45.09748367295025,0.11718318650223389,18.0,1
5.0,0.0,1.0,1.0,83.1125285434235,0.007514439400391685,15.0,1
6.0,0.0,1.0,1.0,23.163709840234212,0.21126484436077086,8.0,1
3.0,1.0,1.0,1.0,40.874461731050275,0.039806850392912346,11.0,1
8.0,0.0,3.0,1.0,15.182818717167908,0.00021896070073207038,7.0,1
8.0,0.0,3.0,1.0,55.551034622950155,0.07096791989253834,13.0,1
5.0,0.0,1.0,1.0,36.62665858089751,0.0036899499091853634,8.0,1
4.0,0.0,2.0,1.0,97.02022667833779,0.006664236340510534,17.0,1
2.0,0.0,1.0,1.0,20.515175145411742,0.13408932550459723,11.0,1
6.0,0.0,1.0,1.0,31.210569832445287,0.3815088307184025,7.0,1
5.0,0.0,1.0,1.0,16.65566791482659,0.22058034132710416,17.0,1
6.0,0.0,1.0,1.0,6.998335017201902,0.0257092398708074,7.0,1
7.0,1.0,2.0,1.0,9.762509091294126,0.02324362387806024,10.0,1
3.0,1.0,2.0,1.0,45.8873453709145,0.13393316700870322,13.0,1
9.0,0.0,1.0,1.0,2.1514794608368444,0.12671863834891373,13.0,1
2.0,0.0,5.0,1.0,18.90428254796627,0.04497062457804199,14.0,1
0.0,1.0,3.0,1.0,10.319723241827113,0.03669434782266921,18.0,1
6.0,0.0,1.0,1.0,10.77777798935357,0.02411251738135982,19.0,1
4.0,0.0,2.0,1.0,44.18202889770006,0.0635333384339616,15.0,1
6.0,1.0,2.0,1.0,39.458655681004835,0.30347825510920096,10.0,1
4.0,0.0,1.0,1.0,19.26801701075473,0.37374460066409365,8.0,1
5.0,1.0,1.0,1.0,7.374343619987326,0.0031129043929736104,16.0,1
2.0,0.0,1.0,1.0,13.904532503509234,0.005272149706240365,18.0,1
5.0,0.0,2.0,1.0,11.4948872912828,0.003963827761820678,18.0,1
4.0,1.0,1.0,1.0,9.727293277520271,0.20913301450316166,19.0,1
3.0,0.0,3.0,1.0,3.1692080526512147,0.049121421074269526,19.0,1
5.0,0.0,2.0,1.0,16.666422484220423,0.0004835772923821022,16.0,1
3.0,0.0,1.0,1.0,8.185890236667795,0.05346320289973737,9.0,1
3.0,0.0,1.0,1.0,22.623775839762324,0.13546854498483105,15.0,1
4.0,0.0,2.0,1.0,8.689849658340407,0.023528758267670116,17.0,1
8.0,0.0,2.0,1.0,12.283244406004806,0.16590503869013015,19.0,1
5.0,0.0,1.0,1.0,2.0756198110902964,0.0340224284341717,14.0,1
4.0,0.0,1.0,1.0,98.95882344845866,0.08375053358115225,12.0,1
4.0,0.0,2.0,1.0,15.169699439360972,0.03411404837420747,17.0,1
4.0,0.0,3.0,1.0,1.4907231769634732,0.14288961049296506,19.0,1
4.0,1.0,1.0,1.0,16.58415439526891,0.0013086369302090417,9.0,1
7.0,0.0,1.0,1.0,41.8589522882461,0.0058995035639452745,16.0,1
8.0,0.0,3.0,1.0,30.616684569246953,0.06744127540480799,14.0,1
7.0,0.0,2.0,1.0,25.139993221397575,7.069551497502764e-05,19.0,1
3.0,1.0,1.0,1.0,4.0040117750345345,0.012100565309724127,8.0,1
6.0,0.0,4.0,1.0,22.44352124770302,0.01789030905160591,17.0,1
6.0,0.0,1.0,1.0,30.07420193983669,0.05069750213448408,10.0,1
4.0,0.0,2.0,1.0,17.992233689350837,0.0036496232403447778,10.0,1
6.0,0.0,2.0,1.0,45.65166878711126,0.008731034019172424,15.0,1
9.0,0.0,1.0,1.0,7.4866384769125975,0.020481980069283433,14.0,1
6.0,0.0,2.0,1.0,6.545256166329971,0.08853822686049997,13.0,1
4.0,0.0,3.0,1.0,41.738332781808836,1.5734359781426086e-05,10.0,1
6.0,0.0,1.0,1.0,20.637835972479436,0.10858494003723348,13.0,1
7.0,1.0,1.0,1.0,1.028965375121823,0.2214221192979183,7.0,1
4.0,1.0,1.0,1.0,9.71224218908932,0.01112480886669187,17.0,1
3.0,0.0,4.0,1.0,40.01829101829445,0.04172855915211938,14.0,1
4.0,0.0,2.0,1.0,1.5539925713492089,0.001410144550963601,14.0,1
5.0,0.0,4.0,1.0,1.0650642845847482,0.03450247518324315,15.0,1
3.0,0.0,2.0,1.0,7.605092258042485,0.3212050673078193,15.0,1
5.0,0.0,3.0,1.0,50.06816826138325,0.003520651820852429,7.0,1
3.0,1.0,5.0,1.0,47.349423148234166,0.11322397609016616,16.0,1
5.0,0.0,2.0,1.0,15.627864322658336,0.34816482859175285,13.0,1
5.0,0.0,1.0,1.0,17.114534757722993,0.001964803098970104,7.0,1
5.0,0.0,2.0,1.0,9.069581970144228,0.11330443435225651,12.0,1
6.0,0.0,1.0,1.0,6.587312656091913,0.12912832081159326,11.0,1
6.0,0.0,1.0,1.0,34.77198770982502,0.0005960906219730559,17.0,1
6.0,0.0,1.0,1.0,3.2475875959938243,0.006822617163622173,8.0,1
5.0,0.0,3.0,1.0,14.36340907901269,0.09917138224290376,19.0,1
7.0,0.0,2.0,1.0,21.12415887050213,0.009838042689784296,9.0,1
3.0,0.0,3.0,1.0,3.189162217391111,0.016716110790989055,14.0,1
5.0,0.0,1.0,1.0,15.663019176223361,0.026698403721325932,8.0,1
7.0,1.0,4.0,1.0,18.23232438091773,0.07901272415830493,17.0,1
2.0,1.0,1.0,1.0,28.134405199896996,0.006208284603465858,10.0,1
8.0,0.0,2.0,1.0,6.35330306555839,0.011120485622708051,9.0,1
4.0,0.0,2.0,1.0,7.943758999159449,0.004150145276914468,18.0,1
2.0,1.0,2.0,1.0,17.857141548392647,0.3251708483177941,13.0,1
5.0,0.0,1.0,1.0,82.64011200360873,0.11244301423655922,14.0,1
5.0,0.0,1.0,1.0,5.90505289109613,0.2051187906849884,10.0,1
4.0,0.0,1.0,1.0,86.23703891274145,0.0007051434982707242,12.0,1
6.0,0.0,3.0,1.0,26.059237079249115,0.00429103062125435,9.0,1
8.0,0.0,3.0,1.0,35.98343511153359,0.13846414863819803,13.0,1
4.0,0.0,1.0,1.0,2.8783309284515792,0.008000523543159284,14.0,1
3.0,1.0,1.0,1.0,8.14550783859196,0.38452332361154545,13.0,1
6.0,0.0,2.0,1.0,2.1894017135802617,0.000982598093557349,10.0,1
4.0,0.0,1.0,1.0,10.289880540444749,0.003047519688513769,16.0,1
2.0,1.0,3.0,1.0,80.57357924975665,0.08283971583069667,18.0,1
3.0,0.0,3.0,1.0,3.224734093924465,0.011635884345904268,15.0,1
1.0,1.0,3.0,1.0,17.52775664604301,0.030211039942335673,16.0,1
9.0,1.0,1.0,1.0,1.1217824791626716,0.017723606269239682,14.0,1
5.0,0.0,1.0,1.0,25.943370057915214,0.09137716579343655,12.0,1
3.0,1.0,3.0,1.0,5.39281118851598,0.018176254002980802,8.0,1
4.0,0.0,2.0,1.0,3.7756927557275652,0.03586533148093696,16.0,1
3.0,0.0,2.0,1.0,9.220143103227533,0.1254798115190029,13.0,1
4.0,0.0,3.0,1.0,30.484534698431148,0.36034349624100137,15.0,1
6.0,0.0,1.0,1.0,3.254710358682293,0.07093828350589991,15.0,1
4.0,1.0,1.0,1.0,6.2231137925335,0.16713048410313433,15.0,1
2.0,0.0,2.0,1.0,1.1700089654912302,0.3455693645891588,15.0,1
6.0,0.0,4.0,1.0,70.10137215004058,0.10067717870017728,12.0,1
3.0,0.0,3.0,1.0,18.936900619728632,0.4273940808706401,7.0,1
6.0,0.0,2.0,1.0,26.452145971089458,0.16106392316253387,12.0,1
2.0,0.0,1.0,1.0,22.075637430960015,0.02361337250593784,11.0,1
8.0,0.0,3.0,1.0,4.118217601716276,0.025331755727303083,13.0,1
3.0,1.0,3.0,1.0,19.07439848181027,0.0007010590541682532,19.0,1
6.0,0.0,2.0,1.0,3.8178102676873493,0.030253033165703335,14.0,1
4.0,0.0,1.0,1.0,11.257770133035269,0.1281927838625509,7.0,1
5.0,0.0,3.0,1.0,17.831233220803185,0.004191254503974736,16.0,1
6.0,0.0,3.0,1.0,17.36881714662679,0.0012121878583681652,10.0,1
1.0,0.0,2.0,1.0,3.53562000854038,0.009938594362325517,10.0,1
5.0,0.0,1.0,1.0,1.7008572195291847,0.0002982562987946154,19.0,1
7.0,0.0,8.0,1.0,33.012964490776184,0.04201791907122921,7.0,1
6.0,0.0,1.0,1.0,26.886882719915786,0.04588229397605936,17.0,1
6.0,0.0,3.0,1.0,2.707212722023626,0.11954007910306376,10.0,1
7.0,0.0,2.0,1.0,3.725916060089379,0.08593936150668757,13.0,1
4.0,0.0,1.0,1.0,45.62088100981384,0.3462134746306742,12.0,1
3.0,0.0,1.0,1.0,30.317914797754725,0.08244725953353202,10.0,1
8.0,0.0,1.0,1.0,112.24720110233625,0.005206240580046085,8.0,1
4.0,1.0,1.0,1.0,6.860257095958906,0.006795946888055636,18.0,1
5.0,0.0,1.0,1.0,14.38091881177413,0.5284899098382448,19.0,1
5.0,0.0,2.0,1.0,6.3957842032326395,0.023510051327890972,13.0,1
3.0,0.0,1.0,1.0,20.499601906839256,0.09130090210569128,14.0,1
9.0,0.0,1.0,1.0,3.452716206430065,0.00010084907277273246,15.0,1
8.0,0.0,3.0,1.0,3.7219662066539376,0.17163029713193784,15.0,1
6.0,1.0,2.0,1.0,2.4920549363392173,0.009390925386929863,10.0,1
3.0,1.0,3.0,1.0,24.65636837454985,0.01814567510291378,9.0,1
5.0,1.0,2.0,1.0,14.62724107289454,0.3691505221573014,11.0,1
5.0,1.0,1.0,1.0,20.23262591386486,0.016021803906913625,12.0,1
5.0,0.0,3.0,1.0,43.28911643826837,0.023415176326485484,18.0,1
3.0,0.0,1.0,1.0,27.96675699276264,0.1800294252949395,19.0,1
7.0,0.0,4.0,1.0,13.387636588073272,0.008878528052360826,14.0,1
3.0,0.0,2.0,1.0,84.15334160443496,0.009490002014194802,9.0,1
0.0,0.0,1.0,1.0,13.185538342663573,0.0006400856303282393,19.0,1
6.0,0.0,2.0,1.0,3.3858235944374604,0.26807677613784014,12.0,1
6.0,0.0,1.0,1.0,99.27402118308095,0.0030457699834429445,11.0,1
4.0,1.0,2.0,1.0,1.4617030702094782,0.058959005653962254,19.0,1
5.0,0.0,1.0,1.0,16.964979459912538,0.07916877438215489,13.0,1
9.0,0.0,1.0,1.0,8.395073078184222,0.09575937648071273,15.0,1
5.0,1.0,2.0,1.0,15.005536766174952,0.11702000200672404,13.0,1
4.0,0.0,1.0,1.0,17.361194282667093,0.04275845875222862,17.0,1
3.0,2.0,2.0,1.0,6.491260659536782,0.1584696952410451,12.0,1
6.0,0.0,2.0,1.0,17.277334478936016,0.024950104453173926,15.0,1
2.0,0.0,2.0,1.0,29.21675088196253,0.04019025664449822,16.0,1
6.0,1.0,1.0,1.0,7.198821857292564,0.05238797416479096,10.0,1
6.0,0.0,3.0,1.0,10.671542947141667,0.14452381058144137,7.0,1
6.0,0.0,5.0,1.0,7.246127360667164,0.04060430344757679,14.0,1
5.0,0.0,1.0,1.0,35.35825779194449,0.17934878521855396,12.0,1
3.0,0.0,4.0,1.0,26.818393428625402,0.34122654396234947,12.0,1
4.0,0.0,1.0,1.0,41.989336086933655,0.005237943014858454,11.0,1
4.0,0.0,3.0,1.0,4.727793838559958,0.15201151661238554,16.0,1
5.0,0.0,3.0,1.0,2.5285438574201144,0.13873059803835686,17.0,1
4.0,1.0,3.0,1.0,3.5426610598637995,0.003073593100114019,9.0,1
4.0,0.0,1.0,1.0,4.511328471145644,0.031050893781623252,12.0,1
5.0,0.0,2.0,1.0,16.232060811330477,0.046164782081968475,7.0,1
5.0,0.0,1.0,1.0,71.74863959903864,0.22723211536342452,13.0,1
5.0,0.0,2.0,1.0,9.839534880984797,0.0035518261824414163,12.0,1
7.0,1.0,2.0,1.0,64.64522266584848,0.026792937317959047,11.0,1
3.0,0.0,3.0,1.0,1.7789915340567581,0.00995855981838835,19.0,1
2.0,1.0,2.0,1.0,53.31093444108946,0.04600204564304974,9.0,1
4.0,0.0,1.0,1.0,4.997150923941058,0.020716179162595574,14.0,1
4.0,0.0,3.0,1.0,49.716612979611924,0.18420447474615215,19.0,1
6.0,0.0,4.0,1.0,2.157401271908383,0.00040708295438180076,10.0,1
3.0,0.0,2.0,1.0,60.21481268953655,0.03424569054541396,15.0,1
5.0,0.0,1.0,1.0,5.482837597539088,0.02580136397395149,15.0,1
5.0,0.0,2.0,1.0,8.211194171022367,0.0031340066349866127,11.0,1
5.0,0.0,1.0,1.0,14.503879919285975,0.015951196432321936,17.0,1
5.0,1.0,1.0,1.0,10.583983781734968,0.005575596287695833,13.0,1
3.0,0.0,1.0,1.0,23.023990810180287,0.05390782161293506,12.0,1
10.0,0.0,5.0,1.0,74.62439112370043,0.26718822893183036,18.0,1
5.0,0.0,2.0,1.0,19.649748398867747,0.031491891485755624,18.0,1
4.0,0.0,1.0,1.0,26.565696623443856,0.2846349609054558,12.0,1
4.0,1.0,2.0,1.0,2.842420916770463,5.3174460345219e-05,10.0,1
7.0,0.0,3.0,1.0,20.767146577131275,0.030883303907579783,16.0,1
3.0,0.0,3.0,1.0,13.097224149298322,0.0963712604755526,19.0,1
6.0,0.0,4.0,1.0,44.3929901925072,0.008686657066473978,18.0,1
2.0,0.0,2.0,1.0,10.827359800612053,0.08414900104909963,14.0,1
4.0,0.0,2.0,1.0,23.754598731370884,0.01535465153793167,19.0,1
4.0,0.0,1.0,1.0,6.179397573112383,0.20565049234610308,17.0,1
4.0,1.0,1.0,1.0,7.0051504880299476,0.010734928679503122,17.0,1
8.0,0.0,4.0,1.0,10.436022665283884,0.05019452813413417,17.0,1
5.0,0.0,1.0,1.0,8.249938246713931,0.03971019731384204,16.0,1
8.0,0.0,1.0,1.0,6.857345565596486,0.008489854450222588,9.0,1
5.0,0.0,2.0,1.0,2.018892490984337,0.10986241490653141,11.0,1
7.0,1.0,3.0,1.0,37.249000819105675,0.10389294144761277,7.0,1
8.0,1.0,2.0,1.0,2.329240055872162,0.009419181055058118,7.0,1
3.0,0.0,3.0,1.0,44.672147088339486,0.10013607554851646,19.0,1
4.0,0.0,1.0,1.0,3.6812681467979615,0.03277282582453435,15.0,1
6.0,0.0,3.0,1.0,2.3497744313850846,0.07337483762833721,10.0,1
4.0,0.0,3.0,1.0,17.556659710072573,0.1411855370687119,15.0,1
4.0,0.0,2.0,1.0,14.960854587552653,0.025428750786120696,13.0,1
6.0,1.0,3.0,1.0,14.515364223018915,0.008045437580088565,16.0,1
2.0,0.0,4.0,1.0,18.090010028229823,0.0017447792377595936,14.0,1
4.0,0.0,3.0,1.0,7.767065063819549,0.1422473223109167,17.0,1
2.0,1.0,2.0,1.0,22.750436720192535,0.01312350211823801,15.0,1
8.0,0.0,1.0,1.0,14.959263967868996,0.003927085964317313,7.0,1
7.0,1.0,2.0,1.0,9.151650974802552,0.07475253844721105,13.0,1
2.0,0.0,3.0,1.0,36.03163047743877,0.1410883369679018,14.0,1
5.0,1.0,2.0,1.0,27.01856713757008,3.346342838730788e-06,8.0,1
6.0,0.0,2.0,1.0,11.004649989148504,0.003881255782225188,16.0,1
7.0,0.0,1.0,1.0,38.62726687033071,0.2531452000265439,15.0,1
7.0,0.0,1.0,1.0,51.579239846917794,0.04190233358449813,18.0,1
7.0,0.0,2.0,1.0,16.39478853223129,0.04041390795973031,7.0,1
6.0,0.0,1.0,1.0,5.840219799713862,0.07670409503996438,18.0,1
5.0,1.0,2.0,1.0,50.48934418847365,0.13325862647896417,9.0,1
5.0,1.0,2.0,1.0,5.201575865362864,0.6579638137336365,19.0,1
8.0,0.0,3.0,1.0,1.9926981720739625,0.3751035613797147,17.0,1
7.0,0.0,1.0,1.0,8.934677000639091,0.0002324196775032358,15.0,1
4.0,0.0,2.0,1.0,26.963204220661705,0.002390713072900407,7.0,1
5.0,0.0,4.0,1.0,52.35031540960216,0.042401799387083536,10.0,1
8.0,0.0,3.0,1.0,21.28279320630194,0.13384062974726746,16.0,1
5.0,1.0,2.0,1.0,61.663926149573,0.0032456492522692617,12.0,1
2.0,0.0,1.0,1.0,2.9383879420743177,0.3937615900448465,12.0,1
3.0,0.0,3.0,1.0,2.2535513070195163,0.2877173914397122,10.0,1
7.0,0.0,2.0,1.0,19.53651818689044,0.009547833110360065,16.0,1
3.0,0.0,5.0,1.0,68.69643740021598,0.0017266758037832494,16.0,1
8.0,0.0,2.0,1.0,14.972093269502919,0.10004045814828982,16.0,1
1.0,0.0,1.0,1.0,2.0577908477347164,0.03430669672753844,16.0,1
5.0,0.0,2.0,1.0,6.000499213454627,0.16255535514815497,7.0,1
3.0,0.0,3.0,1.0,6.615265424147363,0.02246903665381276,11.0,1
5.0,0.0,2.0,1.0,9.245478586331993,0.26763795272197505,11.0,1
5.0,0.0,3.0,1.0,1.89165162480163,0.0009701523471366311,9.0,1
2.0,0.0,2.0,1.0,48.05499112616421,0.057261029510036206,17.0,1
7.0,0.0,2.0,1.0,15.495396744217484,0.01924146652423956,9.0,1
2.0,1.0,1.0,1.0,23.229743891517,0.043598776971690234,10.0,1
4.0,0.0,4.0,1.0,2.3907068768626,0.10523776065125502,9.0,1
5.0,0.0,3.0,1.0,2.1126955273824395,0.40551191467034714,9.0,1
4.0,0.0,2.0,1.0,18.660396562261248,8.201099647131348e-06,9.0,1
4.0,0.0,1.0,1.0,44.65980918620266,0.6518887514384123,13.0,1
5.0,0.0,2.0,1.0,16.03596007276787,0.0566202775210837,15.0,1
4.0,0.0,2.0,1.0,43.045062791254395,0.0031680880636965176,17.0,1
4.0,0.0,1.0,1.0,34.31924181355185,0.11802698443632893,19.0,1
5.0,1.0,3.0,1.0,2.5776995875493958,0.04443590887352596,7.0,1
7.0,1.0,2.0,1.0,5.511867854174129,0.05885932536905779,14.0,1
6.0,0.0,2.0,1.0,22.441978059023338,0.0015080011468905337,16.0,1
6.0,0.0,2.0,1.0,12.721811852725502,0.018200995525982692,18.0,1
8.0,1.0,3.0,1.0,7.869528960919535,0.2566830707909373,7.0,1
5.0,0.0,2.0,1.0,11.847490489791502,0.043141792651141576,15.0,1
2.0,0.0,1.0,1.0,12.782939059233936,0.0007322316706830387,19.0,1
4.0,1.0,2.0,1.0,49.28201264492282,6.219158663729823e-05,14.0,1
6.0,1.0,1.0,1.0,3.184209092425605,0.0008686148227361774,12.0,1
3.0,0.0,3.0,1.0,7.562603482229651,0.00040440716111545726,12.0,1
3.0,0.0,3.0,1.0,16.424977516267294,0.0495914850522464,17.0,1
5.0,0.0,4.0,1.0,24.965576028157706,0.030118770274225444,16.0,1
5.0,1.0,1.0,1.0,20.919523219544665,0.09902335446556093,13.0,1
6.0,1.0,4.0,1.0,57.823429352476936,0.018653489526003937,14.0,1
2.0,0.0,2.0,1.0,32.75440170212448,0.09283879966471024,19.0,1
6.0,0.0,3.0,1.0,17.287179643283398,0.1993484789062465,13.0,1
4.0,0.0,1.0,1.0,5.8333485688743965,0.06425793635900144,19.0,1
3.0,0.0,3.0,1.0,12.988555540198814,0.0003129083113171373,7.0,1
4.0,1.0,1.0,1.0,24.643068045317314,0.09421865856708475,16.0,1
2.0,0.0,3.0,1.0,37.398509646756935,0.5500411656865208,19.0,1
6.0,0.0,1.0,1.0,65.24606166592791,0.26369945572015435,10.0,1
8.0,0.0,1.0,1.0,19.600328298150764,0.0445928475391737,10.0,1
5.0,0.0,1.0,1.0,15.969788684070979,0.06544131221544114,19.0,1
6.0,0.0,2.0,1.0,1.3570059183901815,0.07205456764009407,15.0,1
5.0,0.0,3.0,1.0,2.4966061488895726,0.14873528419885437,18.0,1
5.0,0.0,1.0,1.0,4.39454393817493,0.1724181326419628,15.0,1
6.0,0.0,1.0,1.0,2.1263268536437225,0.17202929197162423,9.0,1
4.0,1.0,1.0,1.0,11.245307821504868,0.01335228384316893,17.0,1
4.0,0.0,1.0,1.0,9.2159423147539,0.01586205984269857,15.0,1
5.0,0.0,4.0,1.0,21.286571249519586,0.07173296518872631,11.0,1
5.0,0.0,3.0,1.0,16.342984738974607,0.00041752830571130964,17.0,1
4.0,1.0,2.0,1.0,19.125360517746152,0.001030142801477672,12.0,1
4.0,0.0,1.0,1.0,13.772316399070005,0.0210519903187411,13.0,1
7.0,0.0,1.0,1.0,7.507322923379544,0.13622144517178733,9.0,1
5.0,0.0,5.0,1.0,62.07795727761495,0.0691878423969641,10.0,1
4.0,0.0,4.0,1.0,2.8074493227561876,0.0811443711789303,11.0,1
3.0,1.0,1.0,1.0,56.90192230786545,0.05268690159802509,7.0,1
9.0,1.0,2.0,1.0,8.457191276825288,0.00012632253124632883,14.0,1
6.0,0.0,4.0,1.0,15.375924267546482,0.01146233728646876,17.0,1
6.0,0.0,2.0,1.0,3.304678012890772,0.011728656939844904,13.0,1
4.0,0.0,2.0,1.0,2.4714468621009518,0.06318864925948832,19.0,1
7.0,0.0,3.0,1.0,12.226435551322433,0.21640150406053982,17.0,1
6.0,1.0,2.0,1.0,28.072468433433592,0.18032786337635828,18.0,1
6.0,1.0,2.0,1.0,7.276819109489021,0.003250492509809313,19.0,1
2.0,0.0,2.0,1.0,17.5266190235689,0.08771353388647168,8.0,1
6.0,0.0,1.0,1.0,7.532625893074147,0.030885344044137567,13.0,1
4.0,0.0,3.0,1.0,10.840504640509627,0.08110982573449382,18.0,1
7.0,0.0,3.0,1.0,48.38439746939115,0.1498375071149353,15.0,1
8.0,0.0,3.0,1.0,39.736577745645015,0.00014363171382281197,11.0,1
6.0,0.0,2.0,1.0,15.514132393061484,0.20669828772686138,17.0,1
3.0,0.0,1.0,1.0,6.438947032674339,0.0025773966548841174,12.0,1
4.0,0.0,2.0,1.0,5.293190670074515,0.003407656143309748,11.0,1
5.0,0.0,2.0,1.0,62.620293337538115,0.035310184258893734,7.0,1
3.0,0.0,2.0,1.0,5.530901511646717,0.009775044590180332,12.0,1
5.0,1.0,2.0,1.0,34.02273821491849,0.0033074568084549773,13.0,1
8.0,0.0,3.0,1.0,10.208044120854662,0.025901378631553118,11.0,1
8.0,1.0,1.0,1.0,85.89383626679705,0.06364726976800751,9.0,1
5.0,0.0,1.0,1.0,10.182246796549617,0.04446167818407161,12.0,1
5.0,1.0,3.0,1.0,9.662378229997037,0.003863010510747203,18.0,1
8.0,1.0,1.0,1.0,21.2926095117969,1.3886764385831202e-05,18.0,1
5.0,0.0,1.0,1.0,66.15067337518823,0.0675990747210965,17.0,1
4.0,0.0,2.0,1.0,75.76946769334447,0.15691253275953668,13.0,1
3.0,1.0,2.0,1.0,25.565729782947393,0.06010645892736511,16.0,1
7.0,0.0,1.0,1.0,29.097833737604226,0.019054183522635843,16.0,1
4.0,1.0,1.0,1.0,17.574856375679058,0.30900551773433377,18.0,1
4.0,0.0,3.0,1.0,29.193367477756084,0.23558049122035263,15.0,1
5.0,0.0,2.0,1.0,40.290804011531876,0.1856181570190292,19.0,1
3.0,0.0,3.0,1.0,14.314348909894528,0.036394166606578404,13.0,1
5.0,0.0,3.0,1.0,20.344432514003028,0.1331497701388534,9.0,1
4.0,1.0,2.0,1.0,16.414249318364657,0.08118353479216339,7.0,1
6.0,0.0,2.0,1.0,17.532228127258005,0.02246869839703773,19.0,1
5.0,0.0,2.0,1.0,45.15421104750493,0.0142751929302243,13.0,1
5.0,0.0,1.0,1.0,9.789234913156704,0.0075261120166071165,18.0,1
2.0,0.0,1.0,1.0,5.66852539445579,0.05644445506079031,14.0,1
5.0,0.0,1.0,1.0,13.186421466567534,0.011201720567895108,17.0,1
3.0,0.0,2.0,1.0,5.6660291338415245,0.005058851206877432,7.0,1
3.0,0.0,2.0,1.0,14.799062765445546,0.12277830531633899,11.0,1
5.0,0.0,5.0,1.0,47.7659253500446,0.1641134185809973,18.0,1
4.0,0.0,2.0,1.0,20.217056763145806,0.022127405724616803,18.0,1
3.0,0.0,3.0,1.0,39.68022392675376,0.3019733646045623,19.0,1
4.0,1.0,2.0,1.0,4.635016464639149,0.04202580882991276,14.0,1
2.0,0.0,2.0,1.0,47.22718800519196,0.051831893258778704,16.0,1
6.0,0.0,2.0,1.0,19.415373076723537,0.15371078805642932,13.0,1
7.0,0.0,4.0,1.0,1.64550140725206,0.06329520062927381,8.0,1
3.0,0.0,2.0,1.0,21.054352246214716,0.1532550903834836,19.0,1
5.0,0.0,1.0,1.0,61.48138243321178,0.024647166617601912,19.0,1
4.0,0.0,2.0,1.0,2.6495316866296945,0.054118566871252154,19.0,1
6.0,1.0,3.0,1.0,18.467313269836218,0.01610096230278786,10.0,1
6.0,0.0,1.0,1.0,50.415011123943074,0.15171651314774742,12.0,1
2.0,1.0,2.0,1.0,1.1948494494987185,0.011541997272530862,13.0,1
2.0,0.0,1.0,1.0,20.934453822824043,0.11214062336684986,13.0,1
5.0,0.0,1.0,1.0,13.883418458176262,0.03143620585701491,9.0,1
2.0,1.0,1.0,1.0,9.523235849733384,0.007126521593428186,18.0,1
7.0,0.0,1.0,1.0,20.75232411091557,0.013159863513056615,14.0,1
4.0,0.0,1.0,1.0,2.0828331443233763,0.027617015418010957,13.0,1
5.0,0.0,1.0,1.0,28.97244446125267,0.20083455244765178,10.0,1
7.0,0.0,2.0,1.0,1.0897907967753027,0.14866389730711851,16.0,1
5.0,0.0,3.0,1.0,8.332651245805533,0.09519187879197746,19.0,1
7.0,0.0,1.0,1.0,15.021919279386966,3.758845110801015e-05,10.0,1
1.0,0.0,2.0,1.0,10.464889520551875,0.0011461284063060263,10.0,1
3.0,0.0,1.0,1.0,8.348245818375494,0.06270552157651983,11.0,1
4.0,1.0,4.0,1.0,36.537631378367124,5.463685630028772e-05,17.0,1
9.0,0.0,2.0,1.0,55.61591080582532,0.1329999303076419,8.0,1
4.0,0.0,1.0,1.0,42.383913787911126,0.031976967288332596,15.0,1
5.0,0.0,3.0,1.0,15.780945647812691,0.015394043332992298,12.0,1
6.0,0.0,2.0,1.0,44.11162787511415,0.03164319587219602,18.0,1
6.0,0.0,2.0,1.0,51.73113241193046,0.16897325782022213,14.0,1
3.0,0.0,2.0,1.0,11.526854441083866,0.0003728752482015132,17.0,1
3.0,0.0,2.0,1.0,7.666029442396467,0.007374856467657879,7.0,1
5.0,0.0,1.0,1.0,3.0686964380097232,0.010832382067952786,12.0,1
7.0,0.0,1.0,1.0,14.043633695020247,0.0074682718621593615,12.0,1
6.0,1.0,2.0,1.0,59.485698631931314,0.12371709341455174,14.0,1
6.0,0.0,1.0,1.0,17.460904917603976,0.001453089845695715,19.0,1
4.0,0.0,3.0,1.0,23.026044172391646,0.22544024173946853,7.0,1
7.0,0.0,2.0,1.0,3.395586454309267,0.008998844556040215,11.0,1
4.0,0.0,1.0,1.0,4.098478403997111,0.11499169745753834,9.0,1
8.0,1.0,1.0,1.0,13.490089187196798,0.02774516667953692,12.0,1
5.0,0.0,2.0,1.0,61.427073930431675,0.3282482940552077,15.0,1
5.0,1.0,1.0,1.0,9.950277145421166,0.014654079921509954,16.0,1
4.0,0.0,2.0,1.0,42.990279650469816,0.06421193007947915,9.0,1
5.0,0.0,1.0,1.0,3.5632274474191736,0.0038595894967921114,15.0,1
2.0,1.0,3.0,1.0,20.19530435061192,0.044231073291341606,18.0,1
3.0,0.0,2.0,1.0,19.356486990821626,0.07686558914663676,15.0,1
7.0,1.0,2.0,1.0,40.30437227943107,0.0025858272050124182,7.0,1
5.0,0.0,3.0,1.0,1.06644433722246,0.008235940634691291,8.0,1
6.0,0.0,2.0,1.0,5.212733467788074,0.21529463954201639,17.0,1
7.0,0.0,2.0,1.0,5.961219185013707,0.08711939961202222,10.0,1
2.0,0.0,3.0,1.0,60.90108530536621,0.04335064344073022,17.0,1
7.0,0.0,1.0,1.0,4.3374775298665575,0.04923360790624503,17.0,1
5.0,0.0,2.0,1.0,1.7532554320815916,0.08785805883120068,18.0,1
5.0,0.0,1.0,1.0,16.291209352465092,0.06573351500629698,13.0,1
7.0,0.0,2.0,1.0,16.039203540651016,0.0336522992424058,18.0,1
6.0,0.0,2.0,1.0,38.16400754221374,0.01470297405787252,8.0,1
5.0,1.0,3.0,1.0,60.463629373230006,0.11356529218942814,13.0,1
0.0,0.0,4.0,1.0,16.467433921262817,0.001780224072610107,11.0,1
7.0,0.0,1.0,1.0,54.183538641908896,0.011384169585466532,16.0,1
5.0,0.0,2.0,1.0,26.831261616898992,0.2995430024321969,13.0,1
5.0,1.0,3.0,1.0,7.145702674731549,0.143253416523688,18.0,1
6.0,0.0,1.0,1.0,53.738990117047464,0.0011288043383269235,15.0,1
8.0,0.0,1.0,1.0,23.01889069573238,0.14652938799523715,15.0,1
4.0,0.0,2.0,1.0,11.691984211172718,0.0005957154140510644,9.0,1
6.0,0.0,2.0,1.0,23.803821672099595,0.01330193529005808,9.0,1
4.0,0.0,2.0,1.0,11.260321345525599,0.005417727709786774,19.0,1
1.0,1.0,4.0,1.0,3.4249152593816867,0.12795131736392484,13.0,1
3.0,0.0,1.0,1.0,26.38649959371977,0.0147730247520333,11.0,1
4.0,0.0,1.0,1.0,35.75538408620879,0.10690441805136512,11.0,1
5.0,1.0,3.0,1.0,27.098431618364874,0.038527608019911654,11.0,1
4.0,0.0,2.0,1.0,6.204312849869311,0.002392796695885862,15.0,1
5.0,1.0,1.0,1.0,63.76205851280967,0.06608139823413674,10.0,1
2.0,1.0,1.0,1.0,1.511578619758804,0.027689842310787968,12.0,1
2.0,0.0,2.0,1.0,9.0898705262023,0.4845030229183404,12.0,1
5.0,0.0,1.0,1.0,7.0246002423931895,0.11284474972407424,19.0,1
5.0,0.0,1.0,1.0,1.986456900285577,0.019755406621889838,13.0,1
5.0,0.0,1.0,1.0,11.40842001640609,0.10936598580792228,8.0,1
6.0,1.0,2.0,1.0,20.516295075106523,0.007502586698684003,12.0,1
4.0,1.0,1.0,1.0,43.83533897270112,0.08201693953597858,19.0,1
9.0,0.0,2.0,1.0,92.49226907663328,0.0015611317853681573,15.0,1
7.0,0.0,1.0,1.0,34.0145322340063,0.06428906002737358,9.0,1
2.0,0.0,2.0,1.0,13.647835579805683,0.05059426286523051,8.0,1
3.0,0.0,2.0,1.0,26.72568131763731,0.037688056489467416,19.0,1
4.0,0.0,4.0,1.0,38.10981126792464,0.0034583702474241646,14.0,1
6.0,1.0,1.0,1.0,13.521257918297643,0.05454557463737716,7.0,1
7.0,0.0,3.0,1.0,31.747409288485553,0.015139865931779012,17.0,1
4.0,1.0,1.0,1.0,14.180806507307373,0.0015136692140255638,14.0,1
5.0,0.0,1.0,1.0,10.771369600285102,0.1996165703570119,11.0,1
5.0,0.0,3.0,1.0,15.934792330930682,0.08400437132949994,15.0,1
3.0,0.0,1.0,1.0,23.53127046014979,0.01950970856785962,15.0,1
3.0,1.0,2.0,1.0,26.95703097914913,0.16043470592576137,10.0,1
7.0,0.0,3.0,1.0,9.824009631840136,0.023061143455797718,7.0,1
3.0,0.0,1.0,1.0,17.940902919058686,0.03920170273722529,11.0,1
8.0,0.0,5.0,1.0,49.130238089151895,0.08304145772165344,13.0,1
8.0,0.0,4.0,1.0,75.85649374992987,0.10645443432122113,15.0,1
5.0,0.0,3.0,1.0,6.15594455626169,0.08798463973567855,16.0,1
5.0,0.0,1.0,1.0,5.284448406857871,0.006800819203167537,15.0,1
3.0,0.0,2.0,1.0,23.58260315923984,0.5404763577066397,15.0,1
3.0,0.0,1.0,1.0,11.712064231634086,0.2738912501317142,12.0,1
6.0,0.0,4.0,1.0,1.4904104855401035,0.008876786802765737,8.0,1
5.0,0.0,2.0,1.0,9.519332833455714,0.0013939894695543132,11.0,1
4.0,0.0,1.0,1.0,33.874867824469746,0.46630077743876264,9.0,1
6.0,0.0,2.0,1.0,32.93309239815731,0.19768491221211995,18.0,1
3.0,0.0,2.0,1.0,14.651471525841503,0.01678959824319471,12.0,1
12.0,0.0,1.0,1.0,13.795083368194824,0.13085104112182766,17.0,1
1.0,0.0,4.0,1.0,18.326569974747258,0.0072306445903772346,11.0,1
6.0,0.0,1.0,1.0,5.953764205196867,0.45125425896934634,19.0,1
1.0,0.0,1.0,1.0,15.932799943150531,0.0784701065520083,16.0,1
6.0,0.0,2.0,1.0,1.2221564829470861,0.09028114813425919,17.0,1
1.0,0.0,1.0,1.0,13.908468068272732,0.012567546201125334,7.0,1
4.0,0.0,2.0,1.0,9.191000186886097,0.07922961910034002,16.0,1
3.0,1.0,1.0,1.0,23.470579290250615,0.0044724893600394606,16.0,1
3.0,1.0,1.0,1.0,21.34176592584192,0.1080685289414977,18.0,1
5.0,0.0,1.0,1.0,10.587698088344483,0.00844404090500884,8.0,1
5.0,0.0,3.0,1.0,1.1459911709964532,0.06910223259770798,17.0,1
5.0,0.0,2.0,1.0,6.814363652666483,0.034394256262410744,11.0,1
9.0,0.0,2.0,1.0,21.06683402145068,0.03286286182967626,18.0,1
3.0,0.0,2.0,1.0,2.502518728602657,0.029906606654159236,12.0,1
3.0,1.0,4.0,1.0,3.277767086919718,0.00012630311107908582,7.0,1
6.0,0.0,1.0,1.0,21.827728934164696,0.11236325872578429,13.0,1
6.0,0.0,3.0,1.0,29.192684659376436,0.08790512268675316,9.0,1
3.0,1.0,1.0,1.0,8.758881280323953,0.08351711790680336,7.0,1
7.0,0.0,2.0,1.0,14.454074212810571,0.04971960377848562,13.0,1
4.0,0.0,1.0,1.0,59.2688074766348,0.3966603307315432,13.0,1
1.0,0.0,1.0,1.0,59.207084058187604,0.04641537380333895,16.0,1
7.0,0.0,1.0,1.0,8.349020947481115,0.6714610409437755,9.0,1
7.0,0.0,3.0,1.0,34.21334786316522,0.16868952645464055,12.0,1
2.0,0.0,1.0,1.0,19.025286558115152,0.14157819760073104,10.0,1
5.0,0.0,3.0,1.0,75.16898874338781,0.05318290509076525,10.0,1
6.0,2.0,1.0,1.0,13.986953541353177,0.01347470657768712,15.0,1
9.0,0.0,1.0,1.0,30.807058317540598,0.049348177977805295,19.0,1
3.0,0.0,2.0,1.0,30.23218315992472,0.024045363902819503,13.0,1
4.0,0.0,1.0,1.0,14.760521024441202,0.04436956166533021,12.0,1
10.0,1.0,1.0,1.0,32.75647523456826,0.0027367104152136493,18.0,1
4.0,0.0,2.0,1.0,7.050238754933012,0.05458781045630569,15.0,1
4.0,0.0,1.0,1.0,3.6079384622772728,0.00895452908994862,19.0,1
4.0,0.0,2.0,1.0,12.073401041079995,0.09130355720785002,9.0,1
7.0,0.0,2.0,1.0,58.51659651184055,0.23207239757377654,18.0,1
8.0,0.0,4.0,1.0,14.892750138997908,0.004919854784622987,10.0,1
6.0,0.0,2.0,1.0,21.171362928852076,0.1572034473176816,15.0,1
6.0,1.0,1.0,1.0,20.57196585086765,0.07170142895235643,10.0,1
3.0,1.0,6.0,1.0,3.8444753508308125,0.04041651138063631,13.0,1
5.0,1.0,3.0,1.0,10.89566265419269,0.3626188594614295,15.0,1
6.0,0.0,1.0,1.0,25.54748816219972,0.07293063551712804,10.0,1
2.0,1.0,2.0,1.0,72.50394418399158,0.01447671103924983,15.0,1
8.0,1.0,1.0,1.0,4.678883169134908,0.0290564266269603,13.0,1
5.0,0.0,1.0,1.0,11.567639787490092,0.08597397681739927,10.0,1
4.0,0.0,1.0,1.0,2.9984797368941942,0.036487936363259366,9.0,1
4.0,0.0,3.0,1.0,6.551373306486641,0.013118196227240355,12.0,1
2.0,0.0,5.0,1.0,10.456450959766276,0.00209967588406076,9.0,1
5.0,0.0,1.0,1.0,16.558562664754408,0.0010719612352398538,13.0,1
5.0,0.0,1.0,1.0,6.242024919413877,0.033999834263780414,7.0,1
4.0,0.0,2.0,1.0,6.164087765892691,0.0008908466390536329,13.0,1
2.0,0.0,3.0,1.0,31.086246610039158,0.5769113863388583,9.0,1
4.0,0.0,1.0,1.0,66.74398356076631,0.0038879852260347014,15.0,1
4.0,0.0,2.0,1.0,8.819796677231258,0.19087000387524203,12.0,1
1.0,1.0,2.0,1.0,24.29453020407907,0.028777510793140622,13.0,1
8.0,1.0,2.0,1.0,6.970289603647966,0.022591183235908554,15.0,1
4.0,0.0,5.0,1.0,53.60852508518593,0.2813811102680745,12.0,1
10.0,0.0,1.0,1.0,23.349931197769312,0.04323153246436708,16.0,1
6.0,0.0,3.0,1.0,33.45825124659906,0.015349790924536661,17.0,1
3.0,0.0,1.0,1.0,2.012271418493978,0.03466352600970901,8.0,1
6.0,0.0,1.0,1.0,19.25125221128293,0.0957460221918905,12.0,1
4.0,0.0,2.0,1.0,15.999105972743866,0.007388339253003768,12.0,1
3.0,2.0,1.0,1.0,7.934404762936125,0.00881704119916993,8.0,1
2.0,0.0,3.0,1.0,7.087885195175042,0.0461442035678656,13.0,1
3.0,0.0,1.0,1.0,18.351192451681406,0.34305437675380607,18.0,1
5.0,0.0,1.0,1.0,25.516573943087355,0.07151647763654904,15.0,1
3.0,0.0,2.0,1.0,1.6747090411822592,0.042146552631465224,19.0,1
4.0,0.0,3.0,1.0,17.758908445028563,0.00958718226996744,16.0,1
3.0,0.0,1.0,1.0,4.737667616903323,0.06199452490535379,10.0,1
6.0,0.0,3.0,1.0,4.0248951878117385,7.689208397550862e-05,17.0,1
5.0,0.0,1.0,1.0,20.516541726397996,0.021349537632896605,11.0,1
5.0,0.0,2.0,1.0,8.446510332315263,0.10284549539552794,12.0,1
4.0,0.0,1.0,1.0,12.627831535616844,0.02562917836883479,7.0,1
4.0,0.0,4.0,1.0,9.925704847595899,4.675017154571671e-07,14.0,1
6.0,0.0,2.0,1.0,21.901600302017208,0.04959697020900377,18.0,1
4.0,0.0,2.0,1.0,13.702085433643882,0.005145084498922333,19.0,1
6.0,0.0,2.0,1.0,67.18622224671151,0.0013332046903166109,15.0,1
4.0,0.0,1.0,1.0,9.689108695641123,0.12092069532213758,7.0,1
5.0,0.0,2.0,1.0,27.963357255937694,0.020448444002619002,19.0,1
5.0,0.0,2.0,1.0,6.949061541267212,0.17144221964542833,10.0,1
4.0,0.0,4.0,1.0,15.216168224813286,0.0290985964678755,12.0,1
5.0,0.0,2.0,1.0,17.084692471764313,0.009383308833340237,19.0,1
3.0,0.0,3.0,1.0,8.982980365175381,0.03251451150919311,16.0,1
4.0,0.0,2.0,1.0,13.764868334048238,0.0021109720576819855,7.0,1
6.0,1.0,2.0,1.0,7.550053534460128,0.015146927119324655,9.0,1
6.0,0.0,5.0,1.0,1.1203771743641646,0.02332795978552144,13.0,1
1.0,0.0,2.0,1.0,5.8579552874134615,0.0033733472764603534,14.0,1
3.0,0.0,3.0,1.0,25.08373471036501,0.04156066132879537,19.0,1
4.0,0.0,1.0,1.0,30.47743646665261,0.013131837632768902,14.0,1
6.0,0.0,1.0,1.0,7.575717331779706,0.17037900871650682,11.0,1
4.0,0.0,2.0,1.0,11.48642559749361,0.013818956864710479,7.0,1
3.0,0.0,3.0,1.0,1.7616329735552656,0.0005124468436508772,7.0,1
14.0,1.0,2.0,1.0,6.411593805607092,0.2561944030191364,14.0,1
5.0,0.0,1.0,1.0,31.211706050134328,0.006663505339989868,11.0,1
4.0,0.0,2.0,1.0,19.627390464966908,0.0001025066314167541,17.0,1
5.0,0.0,1.0,1.0,5.607656886420471,0.07231488788335261,15.0,1
5.0,0.0,2.0,1.0,6.953085806186861,0.009226529817954382,7.0,1
7.0,1.0,4.0,1.0,34.94375738645019,0.022438393258034834,8.0,1
7.0,0.0,1.0,1.0,5.691275362771929,0.2227777034330386,10.0,1
7.0,1.0,1.0,1.0,9.134049241713019,0.020079928568438574,16.0,1
2.0,0.0,3.0,1.0,22.834244478527687,0.009344858022288018,17.0,1
5.0,0.0,1.0,1.0,17.470238051447904,0.001894072426955367,13.0,1
3.0,0.0,2.0,1.0,13.355978608921987,0.00032543267611163587,10.0,1
7.0,0.0,2.0,1.0,46.99998697423025,0.4617576926247019,14.0,1
2.0,0.0,2.0,1.0,5.961804530588338,0.2616051251482217,13.0,1
6.0,0.0,2.0,1.0,28.050994661860276,0.0001362826539069349,11.0,1
4.0,0.0,2.0,1.0,4.464790645139507,0.016207560666748225,13.0,1
8.0,0.0,3.0,1.0,20.128396490655593,0.055639971799991195,14.0,1
5.0,0.0,3.0,1.0,41.90058021914018,0.004512490459985382,9.0,1
1.0,0.0,1.0,1.0,13.246161727073881,0.0005611272553156579,9.0,1
2.0,0.0,3.0,1.0,26.768440760291476,0.012467139891220403,8.0,1
3.0,0.0,3.0,1.0,35.33972227541973,0.2870048290290416,10.0,1
6.0,0.0,2.0,1.0,3.9242618998973886,0.04025529117417047,17.0,1
8.0,0.0,2.0,1.0,25.471737867114918,0.008537736851829065,10.0,1
4.0,1.0,1.0,1.0,51.47486832074017,0.010626999278440019,19.0,1
3.0,0.0,2.0,1.0,18.177925716574016,0.16627782152491458,10.0,1
6.0,0.0,1.0,1.0,5.118902036222581,0.002719258523649834,8.0,1
6.0,0.0,1.0,1.0,3.715077933191909,0.14396557900568657,13.0,1
8.0,0.0,3.0,1.0,7.014949903962772,0.36319950330211553,16.0,1
6.0,0.0,2.0,1.0,3.1854357391490353,0.3355611412584532,9.0,1
6.0,0.0,1.0,1.0,15.406013307268399,0.05709029213086723,18.0,1
5.0,0.0,1.0,1.0,2.445063955302002,0.5901595260312517,16.0,1
4.0,0.0,1.0,1.0,6.056716333614047,0.0015764474791139507,7.0,1
5.0,1.0,2.0,1.0,12.593171729074083,0.133355491754822,8.0,1
5.0,1.0,1.0,1.0,13.845840157950876,0.0742183462281087,11.0,1
6.0,0.0,5.0,1.0,17.66651451079876,0.06747668146510018,15.0,1
11.0,0.0,2.0,1.0,25.45733435959839,0.021909197176263155,10.0,1
8.0,0.0,4.0,1.0,1.9676063963168984,0.05989856178457302,12.0,1
7.0,0.0,3.0,1.0,2.6811356967232705,0.0633137150520941,9.0,1
7.0,0.0,2.0,1.0,2.2557962588897045,0.0701498008818725,15.0,1
4.0,0.0,2.0,1.0,12.003471169682067,0.004745462378011763,8.0,1
8.0,0.0,1.0,1.0,1.8549758437925314,0.2484171481995308,14.0,1
6.0,1.0,2.0,1.0,28.414820226255184,0.29441832075289376,17.0,1
2.0,0.0,2.0,1.0,6.046303232225416,0.006651941152703242,9.0,1
4.0,0.0,4.0,1.0,57.007419857340466,0.028263320852668295,14.0,1
0.0,0.0,1.0,1.0,14.3263567591853,0.004109233838552814,9.0,1
6.0,0.0,2.0,1.0,12.823575319466329,0.0253607214862057,17.0,1
0.0,0.0,2.0,1.0,31.33158676534715,0.0004765076750756552,18.0,1
7.0,0.0,2.0,1.0,25.976194728994106,0.28780022088396306,18.0,1
9.0,1.0,1.0,1.0,19.694646803895075,0.01254020157937497,10.0,1
7.0,0.0,1.0,1.0,55.71255158459797,0.14613042010712415,14.0,1
2.0,0.0,2.0,1.0,11.972601187164859,0.03839436534905657,16.0,1
4.0,0.0,2.0,1.0,34.06065785551071,0.1548477722054764,10.0,1
8.0,0.0,1.0,1.0,10.56371449348513,0.14016556161142918,17.0,1
5.0,0.0,2.0,1.0,37.44590030957376,0.14065759762963406,15.0,1
5.0,0.0,3.0,1.0,7.007907676602223,0.06333161428207827,15.0,1
6.0,1.0,2.0,1.0,7.8291709922660875,0.012609446090025981,12.0,1
2.0,0.0,1.0,1.0,23.655972832793058,0.02107319659708188,7.0,1
4.0,0.0,1.0,1.0,5.783255914029459,0.005030447644495411,15.0,1
7.0,0.0,2.0,1.0,6.205338171797416,0.0020638464281415273,15.0,1
3.0,0.0,3.0,1.0,8.284422008661313,0.13808700253455994,19.0,1
6.0,0.0,3.0,1.0,23.72184558198086,0.0014362701444504023,13.0,1
2.0,0.0,3.0,1.0,45.03455064492891,0.015881430880129995,15.0,1
8.0,0.0,5.0,1.0,23.452013529968795,0.22000711592328617,14.0,1
10.0,0.0,3.0,1.0,36.18362820356829,0.037436383939489434,15.0,1
5.0,0.0,2.0,1.0,16.685986287190154,0.2478305567874318,15.0,1
4.0,0.0,2.0,1.0,2.428270721768453,1.966886150802262e-05,13.0,1
4.0,0.0,1.0,1.0,3.1175732532005034,0.13212311526913278,12.0,1
8.0,0.0,1.0,1.0,17.166311773230305,0.028111786602047776,8.0,1
9.0,0.0,2.0,1.0,8.944016093900217,0.0452207442073918,19.0,1
7.0,0.0,2.0,1.0,5.983798483439722,0.6766632862708041,13.0,1
7.0,0.0,2.0,1.0,13.556813861528887,0.00014646635923944038,7.0,1
3.0,0.0,1.0,1.0,22.962052825466266,0.004058232251965439,12.0,1
8.0,0.0,3.0,1.0,10.722398362978158,0.004863283880842529,12.0,1
7.0,0.0,3.0,1.0,33.44461355648133,0.09864990284659128,18.0,1
2.0,0.0,1.0,1.0,27.82819792902544,0.04851222129062857,13.0,1
5.0,0.0,2.0,1.0,27.554086103430738,0.04463912720691237,8.0,1
7.0,0.0,3.0,1.0,85.24863394671524,0.01910095010689554,19.0,1
6.0,1.0,2.0,1.0,7.997674768507803,0.05529296119411375,18.0,1
1.0,0.0,1.0,1.0,21.697295837831984,0.029518128992428852,10.0,1
3.0,0.0,3.0,1.0,39.68651775156921,0.2841749116384509,8.0,1
4.0,1.0,2.0,1.0,18.32737816136256,0.12042683689464712,10.0,1
4.0,1.0,1.0,1.0,32.16559927506964,0.10313253705825208,9.0,1
3.0,0.0,3.0,1.0,11.70414870939624,0.08076382029002624,8.0,1
7.0,0.0,1.0,1.0,18.855944839604607,0.1890085421195988,8.0,1
9.0,0.0,2.0,1.0,2.1455155562753236,0.013625919252956498,9.0,1
4.0,0.0,2.0,1.0,86.04469265201216,0.3838298126742753,16.0,1
3.0,0.0,7.0,1.0,33.190606478919975,0.22441163055851537,18.0,1
4.0,0.0,3.0,1.0,41.62203096790124,0.06442210864627809,10.0,1
4.0,1.0,1.0,1.0,24.702646660620545,0.3700117062071065,13.0,1
6.0,0.0,3.0,1.0,5.11712760471245,0.0017233340343646537,10.0,1
3.0,0.0,1.0,1.0,1.6304003972549954,0.001681763240541801,17.0,1
10.0,0.0,2.0,1.0,40.99880167473686,0.28280040510757065,13.0,1
5.0,0.0,2.0,1.0,11.09457341815512,0.07865234219678142,10.0,1
5.0,0.0,3.0,1.0,7.126831695344124,0.0018420663367887979,9.0,1
3.0,0.0,1.0,1.0,17.4957995581413,0.0020502859422870104,14.0,1
2.0,0.0,1.0,1.0,11.925551066777992,0.3401699241688909,9.0,1
7.0,0.0,1.0,1.0,22.09186953994747,0.03920102703398733,17.0,1
5.0,0.0,2.0,1.0,14.224957652583534,0.020310691423334512,14.0,1
4.0,0.0,1.0,1.0,24.895844200817933,0.06952730911774302,8.0,1
6.0,0.0,3.0,1.0,39.40412460042779,0.020790579154481764,19.0,1
5.0,0.0,1.0,1.0,5.3521036027883255,0.08848486415616381,9.0,1
4.0,0.0,4.0,1.0,8.99262955428219,6.400051566156415e-05,10.0,1
7.0,1.0,4.0,1.0,12.482962990803099,0.11812632587739103,9.0,1
4.0,0.0,1.0,1.0,66.43416818691169,0.014050485745266517,12.0,1
2.0,0.0,1.0,1.0,10.093115876258569,0.07439712871275692,15.0,1
3.0,0.0,1.0,1.0,10.596226544262933,0.04113624843552498,16.0,1
8.0,0.0,1.0,1.0,22.19586329356318,0.02116742589008677,14.0,1
5.0,0.0,2.0,1.0,11.866966319417987,0.13415748157780585,10.0,1
6.0,0.0,3.0,1.0,61.41023351044717,0.014006815989809417,8.0,1
2.0,0.0,2.0,1.0,45.9749652132041,0.0077003479167676745,16.0,1
3.0,0.0,3.0,1.0,15.406617755837406,0.0019685406880378207,7.0,1
3.0,0.0,3.0,1.0,21.700090920976525,0.001289698588503884,17.0,1
7.0,0.0,3.0,1.0,2.1956489709052938,0.22253309195697493,10.0,1
5.0,0.0,2.0,1.0,24.796830985377827,0.00768039406596628,11.0,1
2.0,0.0,2.0,1.0,25.56536956565463,0.06351727742400311,8.0,1
2.0,0.0,3.0,1.0,9.900735680901674,0.04542019194015673,19.0,1
7.0,0.0,1.0,1.0,5.961097649332456,0.16865818436927987,19.0,1
8.0,1.0,1.0,1.0,50.32053644917228,0.025679260168275823,9.0,1
4.0,0.0,2.0,1.0,12.12709375034518,0.12004256135441216,19.0,1
4.0,1.0,4.0,1.0,22.209349127595402,0.07279641589293655,10.0,1
4.0,0.0,1.0,1.0,1.6779371366910625,0.0032752462328693942,9.0,1
3.0,0.0,2.0,1.0,11.691002294123116,9.600552963809089e-05,14.0,1
4.0,0.0,3.0,1.0,34.993687899936,0.3296121269787946,19.0,1
6.0,0.0,2.0,1.0,10.80660853097961,0.10424647833301565,17.0,1
5.0,0.0,2.0,1.0,19.484500512841112,0.23406731756867868,18.0,1
5.0,0.0,1.0,1.0,5.710796382912066,0.029176952783657607,8.0,1
3.0,0.0,4.0,1.0,11.775095702035893,0.09107870933678126,15.0,1
6.0,0.0,1.0,1.0,53.521401658533584,7.377920690901473e-05,17.0,1
4.0,0.0,1.0,1.0,17.715043698417173,0.006265952342113423,12.0,1
2.0,0.0,1.0,1.0,47.441772955295455,0.03598311326245674,7.0,1
5.0,0.0,3.0,1.0,47.45969506544589,0.00021024094532170708,14.0,1
7.0,0.0,3.0,1.0,58.700927412325846,0.004671094944636625,16.0,1
8.0,0.0,2.0,1.0,46.150639979639095,0.15374602834646753,12.0,1
0.0,0.0,4.0,1.0,1.0657304743562308,0.01483069688123582,10.0,1
5.0,0.0,2.0,1.0,55.36652384876381,0.13571498560346443,12.0,1
4.0,0.0,3.0,1.0,3.957462080699483,0.1400810659038708,8.0,1
6.0,0.0,4.0,1.0,1.814903514233544,0.08415236247663851,7.0,1
4.0,0.0,3.0,1.0,2.139631674688561,0.015690865398980843,18.0,1
7.0,0.0,2.0,1.0,9.582338252220072,0.11720463069990447,12.0,1
2.0,0.0,1.0,1.0,20.39404564094945,0.005789532495712587,14.0,1
3.0,0.0,2.0,1.0,11.293701120019303,0.012796152405073877,19.0,1
3.0,0.0,1.0,1.0,1.51772933432619,0.11987049484372231,11.0,1
5.0,0.0,2.0,1.0,13.9437015336121,0.060126082452080835,14.0,1
6.0,0.0,2.0,1.0,12.672612983972304,0.11104021637329511,9.0,1
9.0,0.0,1.0,1.0,29.281474427492107,0.3109787618602801,19.0,1
6.0,0.0,1.0,1.0,7.559331407468738,0.03960251662207151,12.0,1
7.0,1.0,2.0,1.0,5.906023921525152,0.05642283103090123,7.0,1
2.0,0.0,2.0,1.0,6.912644027621564,0.10556190284661085,19.0,1
2.0,0.0,3.0,1.0,8.240637408794356,0.04227428849374618,9.0,1
8.0,1.0,5.0,1.0,19.284101835045433,0.21955397579946595,10.0,1
8.0,0.0,2.0,1.0,13.755213941424874,0.28458875374960435,11.0,1
8.0,2.0,2.0,1.0,9.216425491209186,0.004226902257223104,9.0,1
7.0,0.0,1.0,1.0,10.378137682889196,0.014882719413012079,14.0,1
6.0,0.0,1.0,1.0,10.270053252984328,0.08511834076080237,11.0,1
2.0,0.0,1.0,1.0,72.80364195299931,0.09567211443251714,13.0,1
7.0,0.0,2.0,1.0,6.305291014067275,0.16780089298191067,11.0,1
6.0,0.0,1.0,1.0,35.08173784753324,0.01998274643339853,14.0,1
5.0,0.0,2.0,1.0,25.63447568099779,0.07978837661143268,7.0,1
6.0,0.0,2.0,1.0,1.111711518590965,0.12379394598712258,9.0,1
4.0,1.0,1.0,1.0,100.74682867531051,0.0029772471148869994,9.0,1
4.0,0.0,1.0,1.0,29.24778752429551,0.00016557744468496442,16.0,1
4.0,0.0,3.0,1.0,23.94237380213973,0.2324030346972553,16.0,1
5.0,1.0,2.0,1.0,11.394794991748252,0.004648081934409578,9.0,1
4.0,0.0,3.0,1.0,17.20274961142856,0.01077174640862869,12.0,1
7.0,0.0,1.0,1.0,6.8410560884670275,0.4108012819236239,15.0,1
2.0,0.0,3.0,1.0,1.7225648225862364,0.024166102452378223,19.0,1
4.0,0.0,1.0,1.0,37.16041847148146,0.06369695687542425,18.0,1
1.0,0.0,5.0,1.0,46.36067715985894,0.20183745405281192,12.0,1
6.0,0.0,2.0,1.0,4.545979102768261,0.24374600759603512,11.0,1
1.0,0.0,3.0,1.0,31.934530174726817,0.03708924543636744,18.0,1
6.0,0.0,1.0,1.0,28.030337264700222,0.0065071865939777835,7.0,1
6.0,0.0,3.0,1.0,4.92942389509626,0.03906706002592607,8.0,1
0.0,0.0,1.0,1.0,11.957705296963805,0.3788246033820148,17.0,1
6.0,0.0,1.0,1.0,11.989871050236825,0.2944192236348344,7.0,1
1.0,0.0,1.0,1.0,29.53934886000104,0.0038763919171456557,18.0,1
4.0,1.0,5.0,1.0,37.361359143296596,0.06378662512884974,12.0,1
6.0,1.0,2.0,1.0,2.991437629979793,0.1497349294266634,9.0,1
7.0,0.0,2.0,1.0,17.55503371375354,0.03324186411482701,18.0,1
6.0,0.0,2.0,1.0,29.688568553395257,0.040161153025278305,19.0,1
3.0,1.0,1.0,1.0,31.853405745527787,0.038073321195794874,11.0,1
7.0,0.0,4.0,1.0,4.203223034958242,0.32989784680587997,12.0,1
6.0,0.0,3.0,1.0,15.910090001727088,0.05220179490351002,11.0,1
5.0,0.0,2.0,1.0,39.97650677266677,0.0011970867378623248,9.0,1
7.0,1.0,3.0,1.0,8.669725731921194,0.00911738798054386,8.0,1
4.0,0.0,1.0,1.0,12.071771226176633,0.049272946929395184,8.0,1
7.0,0.0,1.0,1.0,33.62942868282114,0.019674156504702073,18.0,1
1.0,0.0,1.0,1.0,2.8712635999930676,0.4405910456777932,8.0,1
2.0,0.0,1.0,1.0,40.25000065102887,0.006421414795710796,16.0,1
2.0,0.0,1.0,1.0,8.454829783652325,0.0045274026675456176,10.0,1
6.0,0.0,1.0,1.0,1.0290273863643178,0.19391460353952986,10.0,1
8.0,0.0,1.0,1.0,6.335617839941359,0.02263953222034543,18.0,1
6.0,0.0,1.0,1.0,2.8752416741748705,0.027124169216413203,9.0,1
0.0,0.0,1.0,1.0,2.9386979327616625,0.03297509367165479,14.0,1
10.0,0.0,2.0,1.0,24.60745213106612,0.001733271240504161,10.0,1
2.0,0.0,1.0,1.0,5.815367593534259,0.08034629385158176,14.0,1
5.0,0.0,4.0,1.0,55.58824394259839,0.005935322621281493,17.0,1
8.0,0.0,2.0,1.0,15.531785580476157,0.06383728748805152,9.0,1
5.0,0.0,1.0,1.0,13.327362303123426,0.1302424310812246,17.0,1
4.0,0.0,1.0,1.0,12.39324483724767,0.2355020101935383,18.0,1
3.0,1.0,1.0,1.0,24.59130478840026,0.0010526470842285374,8.0,1
7.0,0.0,2.0,1.0,13.039192013683701,0.35488771235515837,14.0,1
7.0,0.0,2.0,1.0,3.753091481905781,0.014698199062446283,12.0,1
3.0,0.0,1.0,1.0,43.43398810479591,0.021916960561945323,8.0,1
3.0,0.0,1.0,1.0,12.186153920410275,0.38570704003840334,13.0,1
2.0,1.0,1.0,1.0,2.5377197141664016,0.06061663380408336,18.0,1
2.0,0.0,5.0,1.0,16.073490610803617,0.12779872751432944,16.0,1
7.0,0.0,2.0,1.0,21.84540613952063,0.03138282745799714,13.0,1
4.0,1.0,2.0,1.0,7.44774691727104,0.04751375262470235,10.0,1
1.0,0.0,2.0,1.0,33.22282801832565,0.018108933266561246,14.0,1
3.0,0.0,3.0,1.0,23.159672013565178,0.014221703631262649,9.0,1
10.0,0.0,2.0,1.0,22.01594738444421,0.01569987089807509,19.0,1
3.0,0.0,2.0,1.0,11.923010408948606,0.24823376630873534,15.0,1
6.0,1.0,1.0,1.0,66.35885378723881,0.21437296585014834,18.0,1
4.0,0.0,2.0,1.0,7.40931720046117,0.048335363374365226,17.0,1
5.0,1.0,3.0,1.0,18.241046868966116,0.11374510139777251,11.0,1
3.0,2.0,3.0,1.0,8.393905621630687,0.0009294830551240233,9.0,1
7.0,0.0,3.0,1.0,28.31452704363251,0.010218831031873071,15.0,1
5.0,0.0,4.0,1.0,1.9794247725209893,0.0901945755516372,8.0,1
2.0,0.0,1.0,1.0,1.9396072822952497,0.0006233089358153912,8.0,1
6.0,0.0,2.0,1.0,34.305458466799536,0.08059158596472119,9.0,1
3.0,0.0,3.0,1.0,12.39270191694984,0.06111052060257565,15.0,1
2.0,0.0,1.0,1.0,9.346100115767225,0.03399064663341967,17.0,1
7.0,0.0,2.0,1.0,19.705743655299777,0.055983734674263916,16.0,1
6.0,1.0,4.0,1.0,25.20648154514342,0.00030981003735237346,9.0,1
3.0,0.0,2.0,1.0,5.4929272705306715,0.03635000737952569,11.0,1
5.0,0.0,3.0,1.0,5.101928726764045,0.0014192416670029805,15.0,1
7.0,1.0,2.0,1.0,64.47362699651822,0.15113473845698286,16.0,1
4.0,0.0,3.0,1.0,18.815593787464895,0.021091068264554272,12.0,1
4.0,0.0,2.0,1.0,10.88974572862816,4.171298740113081e-07,12.0,1
3.0,0.0,5.0,1.0,33.3334498472068,0.10804777527580059,17.0,1
6.0,0.0,1.0,1.0,15.895503620281909,0.031145172503222397,7.0,1
4.0,0.0,1.0,1.0,6.532543021155868,0.0583962781395903,17.0,1
5.0,0.0,1.0,1.0,5.631966488880849,0.3481285648047468,8.0,1
7.0,0.0,2.0,1.0,11.11209440099162,0.06703253681101232,15.0,1
4.0,1.0,3.0,1.0,40.30738555218964,0.11467351651304804,14.0,1
3.0,0.0,2.0,1.0,2.2683385494568666,0.14953306047208403,8.0,1
1.0,0.0,1.0,1.0,5.931467999873393,0.32575547774184005,11.0,1
5.0,0.0,1.0,1.0,45.72692639695025,0.0011521968684599807,11.0,1
8.0,0.0,3.0,1.0,3.5961283557519,0.04246137799089669,12.0,1
5.0,0.0,2.0,1.0,20.864824247586032,0.010935624033924222,10.0,1
5.0,1.0,2.0,1.0,5.8035402130374045,2.0373539464456036e-05,15.0,1
3.0,0.0,4.0,1.0,19.62132952598325,0.3844780807724311,11.0,1
3.0,0.0,1.0,1.0,10.661101945566077,0.011091088037616442,10.0,1
6.0,0.0,3.0,1.0,3.1445094372948508,0.124783243912035,15.0,1
5.0,0.0,2.0,1.0,18.468220360820467,0.06678520480526928,8.0,1
7.0,0.0,1.0,1.0,23.979767260901085,0.05739151674285284,17.0,1
6.0,0.0,3.0,1.0,23.805731611174764,0.009509898475964782,17.0,1
8.0,0.0,3.0,1.0,21.268944800882636,0.0203875515484231,8.0,1
8.0,0.0,3.0,1.0,14.871936870285428,0.045425213292810296,19.0,1
8.0,0.0,2.0,1.0,15.657421266984718,0.027478244558930717,9.0,1
9.0,0.0,3.0,1.0,21.192263809554632,0.027495688327510967,16.0,1
5.0,0.0,3.0,1.0,24.4403996497235,0.0005289715599388682,10.0,1
3.0,1.0,2.0,1.0,22.27707294020047,0.060121029350837,18.0,1
4.0,0.0,3.0,1.0,18.683517812456948,0.04103637255156365,16.0,1
5.0,0.0,3.0,1.0,4.388240525664518,0.059244233209194884,15.0,1
6.0,0.0,3.0,1.0,5.730061333717687,0.18279683426714557,19.0,1
7.0,0.0,1.0,1.0,7.028157394901782,0.07960912332595925,11.0,1
4.0,0.0,5.0,1.0,51.430165523945576,0.00022886688311284548,8.0,1
6.0,0.0,2.0,1.0,29.49198151606551,0.07406407595486184,9.0,1
13.0,0.0,4.0,1.0,17.097975717484253,0.0824997005560696,14.0,1
3.0,0.0,4.0,1.0,6.808568231664063,0.12102799278360979,12.0,1
7.0,1.0,5.0,1.0,3.350720596290617,0.014136709971387032,19.0,1
7.0,0.0,1.0,1.0,46.80507395874228,0.010356503504328778,11.0,1
2.0,0.0,1.0,1.0,45.63619916725161,0.005009795726506303,10.0,1
5.0,0.0,2.0,1.0,3.3463138007402944,0.12884309369423702,10.0,1
2.0,1.0,1.0,1.0,32.91234381210131,0.009107423923542756,14.0,1
4.0,0.0,2.0,1.0,12.835113113874682,0.0024848900529782217,18.0,1
3.0,0.0,2.0,1.0,8.830265764087288,0.07960669986512799,12.0,1
3.0,1.0,3.0,1.0,27.872709475243873,0.014906125038531465,11.0,1
1.0,0.0,2.0,1.0,20.05544014946201,0.20266109509763347,11.0,1
7.0,0.0,2.0,1.0,31.285291893838963,0.01134639888033989,12.0,1
4.0,0.0,2.0,1.0,2.5447249697153858,0.1607607190652146,19.0,1
9.0,1.0,1.0,1.0,8.67173449715073,0.03484214545502854,17.0,1
4.0,1.0,2.0,1.0,8.693167067532494,0.1972876405305755,17.0,1
6.0,1.0,3.0,1.0,9.002182310201603,0.07007542761795577,9.0,1
3.0,0.0,2.0,1.0,14.962385324089517,0.007160704162176832,13.0,1
8.0,1.0,3.0,1.0,7.653973794534901,0.4439175482065953,7.0,1
6.0,0.0,2.0,1.0,12.753543381090871,0.04528571508558378,11.0,1
5.0,0.0,5.0,1.0,10.170280742268858,0.0017778576538542677,12.0,1
3.0,0.0,2.0,1.0,27.582864796569282,0.03666170758197455,19.0,1
11.0,0.0,2.0,1.0,19.50162489311813,0.14570013571668808,8.0,1
7.0,0.0,2.0,1.0,22.20492144355401,0.03468310109678063,8.0,1
6.0,0.0,2.0,1.0,5.729234264572356,0.07257668384814835,15.0,1
6.0,1.0,2.0,1.0,8.875736272182898,0.1508385482645485,8.0,1
6.0,0.0,3.0,1.0,1.4278529454510518,0.41570932515413855,9.0,1
6.0,0.0,1.0,1.0,3.294186201986123,0.10262678938159245,7.0,1
5.0,1.0,2.0,1.0,7.159171350208863,0.0044358278430378885,15.0,1
8.0,0.0,3.0,1.0,2.3540966266677836,0.004966509926684264,7.0,1
6.0,0.0,5.0,1.0,19.457869660508756,0.11562997132987698,10.0,1
8.0,0.0,2.0,1.0,126.63757682775203,0.116657713275671,13.0,1
13.0,0.0,2.0,1.0,3.125334390851041,0.10165786600305655,8.0,1
4.0,0.0,3.0,1.0,35.43312810361738,0.5600396850556416,14.0,1
1.0,0.0,2.0,1.0,3.52978203765932,0.012614004329258306,19.0,1
4.0,1.0,1.0,1.0,23.168042187138497,0.048973949516129205,14.0,1
2.0,0.0,1.0,1.0,21.609221196564704,0.046439342640174,18.0,1
7.0,0.0,1.0,1.0,47.60260704659496,0.0188163010631488,9.0,1
4.0,0.0,2.0,1.0,3.41953892306419,0.006646352132146926,10.0,1
5.0,0.0,2.0,1.0,8.579710138236349,0.01087430275007544,17.0,1
8.0,0.0,3.0,1.0,2.9033585262597366,0.10725526660832305,13.0,1
6.0,1.0,1.0,1.0,11.464150137704383,0.10500827457020175,11.0,1
5.0,0.0,1.0,1.0,49.5161218023834,0.003088198123397942,11.0,1
2.0,0.0,3.0,1.0,31.421504491531447,0.0497747342857566,8.0,1
6.0,1.0,2.0,1.0,26.667543792017774,0.10426882728041054,12.0,1
5.0,0.0,1.0,1.0,16.229698399400114,0.01846248601925875,10.0,1
6.0,0.0,3.0,1.0,43.99483260157096,0.02376674307575977,11.0,1
3.0,0.0,4.0,1.0,12.936452062847982,0.0023889534436506944,17.0,1
6.0,0.0,1.0,1.0,4.242983888943795,2.113769768502998e-06,11.0,1
6.0,1.0,2.0,1.0,37.35203729516721,0.014737644301330663,8.0,1
4.0,0.0,1.0,1.0,7.560037418863881,0.0012396526752060364,14.0,1
7.0,0.0,2.0,1.0,2.1025081517780473,0.0026349285271693988,17.0,1
4.0,0.0,2.0,1.0,3.694368352487096,0.0004907027017655954,7.0,1
0.0,1.0,2.0,1.0,19.783968223074243,0.30456951318543724,8.0,1
9.0,1.0,3.0,1.0,19.68308496920623,0.0460063728432632,13.0,1
1.0,0.0,1.0,1.0,7.0270530382678045,0.0010986436226550998,13.0,1
6.0,0.0,1.0,1.0,26.978871684030462,0.000957813626973826,8.0,1
4.0,0.0,2.0,1.0,30.7125862644609,0.2596055112861588,7.0,1
5.0,0.0,3.0,1.0,51.640625819894595,0.022409480017329588,19.0,1
6.0,1.0,2.0,1.0,18.586523289934263,0.04476175752528778,16.0,1
8.0,1.0,2.0,1.0,31.230201791843086,0.05152210614096821,7.0,1
4.0,1.0,3.0,1.0,28.97541171271252,0.16580998781941902,7.0,1
5.0,0.0,3.0,1.0,6.962974436871625,0.3534197600982562,12.0,1
10.0,1.0,1.0,1.0,8.427823336040706,0.06885150188987595,16.0,1
5.0,1.0,2.0,1.0,14.020244963309327,0.1468187850145091,18.0,1
7.0,0.0,2.0,1.0,1.3844508491552143,0.0275079634785432,13.0,1
6.0,0.0,2.0,1.0,8.05928739448707,0.05362609984817945,8.0,1
4.0,0.0,2.0,1.0,13.844628335643204,0.048958891835393176,12.0,1
3.0,0.0,1.0,1.0,3.2873366942509668,0.28847278449338243,10.0,1
5.0,2.0,2.0,1.0,3.6998122845596306,0.0016099264492678924,19.0,1
4.0,0.0,2.0,1.0,13.443962606970116,0.10109895059939136,15.0,1
4.0,0.0,4.0,1.0,27.258278274489086,0.007438110614031785,17.0,1
5.0,0.0,4.0,1.0,36.885123378291354,0.1328435596372979,14.0,1
2.0,0.0,4.0,1.0,16.806994485327625,0.03686458876839246,14.0,1
7.0,1.0,1.0,1.0,13.877580233887118,0.011758899132467391,8.0,1
3.0,0.0,3.0,1.0,10.699277749692476,0.019297471539878413,17.0,1
5.0,0.0,2.0,1.0,5.287368126252201,0.005983841121012662,11.0,1
6.0,0.0,2.0,1.0,4.169647694919611,0.01417491376200775,8.0,1
8.0,0.0,1.0,1.0,32.39438989214682,0.0028137480118637158,9.0,1
5.0,0.0,1.0,1.0,13.51001857643084,0.019968102420090273,14.0,1
3.0,1.0,1.0,1.0,32.24347781405723,0.01074708118120789,11.0,1
3.0,0.0,1.0,1.0,25.353527814087315,0.01255744302925637,10.0,1
5.0,0.0,3.0,1.0,5.3108481266200895,0.08836811220137208,11.0,1
7.0,0.0,1.0,1.0,15.279543087736036,0.025775298486547197,14.0,1
5.0,0.0,1.0,1.0,12.740337920221041,0.11228561122203047,16.0,1
5.0,1.0,3.0,1.0,12.028560698300193,0.006639905011911037,13.0,1
10.0,0.0,1.0,1.0,16.642674102656393,0.008189889826931591,12.0,1
2.0,0.0,3.0,1.0,81.43887927723893,0.1004115683685262,8.0,1
6.0,0.0,4.0,1.0,34.52230480198413,0.08930148553369717,16.0,1
7.0,0.0,3.0,1.0,47.808321224927134,0.057506866891821364,11.0,1
4.0,0.0,2.0,1.0,1.601754255227504,0.015021414386279762,16.0,1
11.0,0.0,2.0,1.0,4.02428180841855,0.11106691877426657,19.0,1
5.0,0.0,1.0,1.0,2.7714590444488274,0.01717464843821889,15.0,1
4.0,1.0,2.0,1.0,7.109617512678901,0.46458552359400274,15.0,1
1.0,0.0,1.0,1.0,12.664073368644868,0.22734753973542335,15.0,1
11.0,0.0,2.0,1.0,21.547420802255353,0.00430751058584973,9.0,1
3.0,1.0,2.0,1.0,14.8962219334819,0.05692533661174642,15.0,1
2.0,1.0,2.0,1.0,47.69884260502664,0.01853455313268224,15.0,1
7.0,0.0,2.0,1.0,57.22025817397173,0.10834152974590874,11.0,1
5.0,0.0,1.0,1.0,4.57107610260159,0.0008822811158643041,19.0,1
1.0,0.0,3.0,1.0,39.33460976879095,0.1016335830060896,12.0,1
6.0,0.0,1.0,1.0,14.144877895676483,0.028824722478796493,13.0,1
4.0,0.0,2.0,1.0,13.078179643872717,0.0229034494041017,16.0,1
9.0,0.0,3.0,1.0,31.736703811308836,0.030389182154966766,16.0,1
4.0,0.0,3.0,1.0,2.955355142490359,0.021912229348554097,16.0,1
9.0,0.0,2.0,1.0,43.82516914117166,0.02299506606932425,12.0,1
5.0,0.0,3.0,1.0,23.225645574464707,0.08811329940968328,11.0,1
2.0,0.0,1.0,1.0,42.630731920767666,0.1273080277613379,19.0,1
8.0,0.0,1.0,1.0,104.9787738772824,0.2263498632396328,7.0,1
2.0,0.0,1.0,1.0,15.596408044598254,0.01359307551278809,10.0,1
7.0,0.0,1.0,1.0,2.9580390649841033,0.002006506756002239,19.0,1
9.0,0.0,2.0,1.0,4.643004139844685,0.07352895680085299,14.0,1
3.0,0.0,2.0,1.0,8.81995264779752,0.13914771093476702,14.0,1
3.0,0.0,1.0,1.0,3.1863208386051385,0.4818070154901987,18.0,1
6.0,0.0,1.0,1.0,34.78497743752505,0.17452901219212696,19.0,1
7.0,0.0,1.0,1.0,8.044208524419547,0.031405374240936784,12.0,1
2.0,0.0,1.0,1.0,75.49940982884252,0.051805830212195585,19.0,1
9.0,0.0,3.0,1.0,25.252968709160385,0.13203472399240354,9.0,1
5.0,0.0,2.0,1.0,4.809422375096894,0.022494344090744082,18.0,1
5.0,0.0,2.0,1.0,13.926899705416332,0.03122322811130032,14.0,1
3.0,0.0,2.0,1.0,13.580333164100725,0.11200495163588685,13.0,1
6.0,0.0,1.0,1.0,14.565630808320703,0.17552304089049223,17.0,1
6.0,0.0,4.0,1.0,16.344107352908818,0.43471023424413696,15.0,1
4.0,0.0,4.0,1.0,1.6333860513735947,0.12979352809141792,9.0,1
6.0,1.0,2.0,1.0,24.186435047826343,0.11118826453669002,17.0,1
8.0,0.0,2.0,1.0,14.357066693504171,0.040501533272759606,12.0,1
4.0,0.0,3.0,1.0,32.305109701359854,0.19378181608671724,7.0,1
6.0,0.0,2.0,1.0,34.78581653227121,0.060578584638722295,18.0,1
4.0,0.0,2.0,1.0,6.241199387183533,0.18292230476546606,14.0,1
9.0,0.0,1.0,1.0,1.9926922873054829,0.24424190344517838,8.0,1
5.0,0.0,2.0,1.0,25.296216893094986,0.0049013054473672464,11.0,1
7.0,0.0,5.0,1.0,77.11976396060889,0.30600020756157126,12.0,1
2.0,0.0,2.0,1.0,12.835579990414198,0.010733343905161249,10.0,1
4.0,0.0,4.0,1.0,7.011639986844598,0.05195677893504036,15.0,1
4.0,0.0,4.0,1.0,4.407983701174848,0.001465780151251383,9.0,1
7.0,0.0,2.0,1.0,7.777980304293224,0.006408375843914855,8.0,1
3.0,0.0,3.0,1.0,8.947544608064518,0.08575625443875969,9.0,1
4.0,0.0,1.0,1.0,12.028603652238594,0.0018605452516979742,11.0,1
3.0,0.0,2.0,1.0,22.30783252134186,0.20508240348585421,7.0,1
3.0,0.0,1.0,1.0,7.381062256443534,0.12904062080638526,16.0,1
2.0,0.0,4.0,1.0,2.0464399078266458,0.2720964973936825,18.0,1
10.0,0.0,1.0,1.0,10.34506387360332,0.0002776270761161805,10.0,1
3.0,0.0,3.0,1.0,39.70746343226869,0.06014957599157578,7.0,1
2.0,0.0,2.0,1.0,14.797112507599877,0.006282214903852559,15.0,1
6.0,1.0,1.0,1.0,67.92495750231765,0.31378291193736746,9.0,1
4.0,0.0,3.0,1.0,15.00833202132117,0.1402110748728173,8.0,1
6.0,0.0,4.0,1.0,7.456482814570449,0.053186343079490044,11.0,1
2.0,0.0,3.0,1.0,5.296415568592542,0.0038252274684488275,7.0,1
4.0,1.0,2.0,1.0,24.717713789260934,0.20455423459584457,16.0,1
9.0,1.0,3.0,1.0,16.37385602311538,0.012116035352074846,13.0,1
10.0,0.0,5.0,1.0,19.52676726348696,0.15575568802664694,15.0,1
5.0,0.0,1.0,1.0,29.140294197537507,0.2909000209963907,7.0,1
2.0,0.0,3.0,1.0,26.885498288862685,4.941828016707196e-05,18.0,1
3.0,0.0,1.0,1.0,1.8866316720970473,0.35842815781164095,14.0,1
7.0,0.0,1.0,1.0,33.44761676752849,0.16117909560365992,14.0,1
6.0,1.0,3.0,1.0,16.215818124715362,0.013594642805787514,13.0,1
4.0,0.0,2.0,1.0,10.942022435588305,0.00780261596866727,16.0,1
2.0,0.0,3.0,1.0,16.423014513071415,0.03288217470172923,10.0,1
7.0,0.0,2.0,1.0,19.958282874674673,0.19368846623582345,18.0,1
6.0,0.0,2.0,1.0,4.238765723811035,0.10376410771309262,13.0,1
7.0,0.0,3.0,1.0,11.805617200288166,8.733142439459829e-05,8.0,1
7.0,0.0,2.0,1.0,9.177002923453792,0.014995598858431653,12.0,1
3.0,0.0,3.0,1.0,9.62824519923349,0.011183573239653419,18.0,1
3.0,0.0,2.0,1.0,2.915574436020479,0.00755888413473922,17.0,1
4.0,0.0,2.0,1.0,4.483341613833066,0.0031249268068892972,11.0,1
5.0,1.0,3.0,1.0,4.530736038032641,0.2054666409325163,11.0,1
2.0,0.0,2.0,1.0,10.343344894894887,0.017277155760196065,17.0,1
4.0,0.0,2.0,1.0,45.97928371820838,0.047293824109468044,14.0,1
7.0,0.0,2.0,1.0,5.614125835625866,0.009017491177090348,7.0,1
5.0,0.0,3.0,1.0,11.763679738508001,0.0015804197312911828,14.0,1
6.0,1.0,2.0,1.0,8.467977836286261,0.0036153850053711146,10.0,1
4.0,1.0,4.0,1.0,31.965286478439822,0.003973537383220505,19.0,1
9.0,0.0,3.0,1.0,2.028527797957114,0.1975083504566721,16.0,1
2.0,0.0,2.0,1.0,5.376642067946742,0.12663382503331772,12.0,1
6.0,0.0,2.0,1.0,5.73069484731814,0.08699461464960805,12.0,1
4.0,2.0,1.0,1.0,100.13089919420327,0.006350003709372558,7.0,1
3.0,0.0,1.0,1.0,17.91548127752809,0.13411631986929007,14.0,1
6.0,0.0,2.0,1.0,3.992246046140845,0.1627860253549293,19.0,1
7.0,0.0,2.0,1.0,7.354556223349331,0.029445838502261564,10.0,1
8.0,1.0,5.0,1.0,4.6741806367990275,0.1343847855590341,19.0,1
9.0,0.0,2.0,1.0,3.6615914854978135,0.0008959194847917756,18.0,1
5.0,0.0,2.0,1.0,32.90892787746615,0.11374848687823236,15.0,1
4.0,0.0,4.0,1.0,14.693766303430548,0.4232676101285786,13.0,1
3.0,1.0,2.0,1.0,20.950565474198672,0.016457133210258473,17.0,1
7.0,0.0,2.0,1.0,9.046936908691757,0.029810363574060098,10.0,1
4.0,1.0,3.0,1.0,17.135057940547103,0.000735158022091632,18.0,1
8.0,0.0,4.0,1.0,6.956507714468739,0.19743837375609416,7.0,1
8.0,0.0,2.0,1.0,8.364434903099797,0.001380059172313546,15.0,1
1.0,1.0,1.0,1.0,22.1247356250065,0.10981290480609812,16.0,1
5.0,2.0,3.0,1.0,4.25861854406657,0.08706795220788552,12.0,1
4.0,0.0,2.0,1.0,20.20599448794145,0.05958029273631077,12.0,1
3.0,0.0,2.0,1.0,39.2426172530044,0.1302837379018686,7.0,1
2.0,0.0,1.0,1.0,3.566288520796936,0.021459391388457687,11.0,1
8.0,0.0,2.0,1.0,46.55029602393311,0.01657796628335454,10.0,1
8.0,0.0,2.0,1.0,2.6555853793591035,0.018656553254519044,17.0,1
3.0,0.0,1.0,1.0,9.582124203484087,0.18193447686826542,7.0,1
4.0,0.0,2.0,1.0,19.858306596886884,0.04468137644689762,13.0,1
12.0,0.0,1.0,1.0,17.393026904342104,0.0006934075489698462,10.0,1
3.0,0.0,2.0,1.0,3.0271722901237834,5.060363412688557e-05,9.0,1
3.0,0.0,2.0,1.0,33.08036926286497,0.006453591640037195,8.0,1
4.0,0.0,3.0,1.0,73.35224230558883,0.0357905850335157,14.0,1
3.0,0.0,1.0,1.0,4.998999507135784,0.0030792361445018458,11.0,1
4.0,0.0,2.0,1.0,46.10086077931934,0.0033079689544266233,16.0,1
6.0,0.0,1.0,1.0,17.275108963595486,0.20243187635626708,15.0,1
4.0,0.0,1.0,1.0,55.956758127845305,0.005558188557323471,11.0,1
3.0,0.0,2.0,1.0,4.873781459623164,0.030874716016632015,16.0,1
8.0,0.0,1.0,1.0,32.40640112789174,0.013437795277628426,18.0,1
2.0,0.0,3.0,1.0,2.232861283269844,0.06814232974321256,7.0,1
3.0,0.0,4.0,1.0,43.94523575682384,0.0467738612689575,16.0,1
7.0,0.0,3.0,1.0,23.426940847589535,0.17197784738273617,11.0,1
3.0,0.0,2.0,1.0,10.248799206408778,0.09082960598384755,11.0,1
7.0,1.0,3.0,1.0,5.225950455218124,0.03493031807011861,14.0,1
5.0,0.0,1.0,1.0,34.914420028400784,0.05052941045246149,12.0,1
2.0,1.0,1.0,1.0,19.488540911473514,0.050979588998002576,17.0,1
9.0,0.0,3.0,1.0,9.93874168103675,0.10895765452388784,11.0,1
4.0,0.0,1.0,1.0,12.733834983713855,0.07542182035806083,19.0,1
3.0,0.0,2.0,1.0,36.03647132295561,0.040920872848146425,14.0,1
1.0,0.0,1.0,1.0,9.277825979772741,0.061390421115939245,7.0,1
2.0,1.0,1.0,1.0,2.878142209750194,0.08581044430315786,11.0,1
6.0,0.0,1.0,1.0,49.44588840096126,0.02358796808239187,9.0,1
10.0,0.0,4.0,1.0,10.79902500349793,0.05391353638645478,11.0,1
6.0,0.0,3.0,1.0,9.566104718961428,0.01325164175242588,9.0,1
6.0,0.0,1.0,1.0,5.5731650592528,0.016913284392988996,10.0,1
2.0,0.0,3.0,1.0,46.542747258527285,0.044899729270133,17.0,1
4.0,0.0,1.0,1.0,5.9053634561108685,0.08908215656160068,15.0,1
5.0,1.0,4.0,1.0,21.24903320932864,0.009825940922986847,8.0,1
8.0,0.0,2.0,1.0,43.533180812875685,0.1373984817644797,16.0,1
5.0,0.0,4.0,1.0,1.710753262076167,0.02342610077754437,18.0,1
3.0,0.0,4.0,1.0,36.29748732197704,0.0017045744707298103,7.0,1
1.0,0.0,3.0,1.0,11.572984549887725,0.004744115082161071,18.0,1
7.0,0.0,2.0,1.0,22.457404067058437,0.050060149722240196,10.0,1
7.0,1.0,3.0,1.0,10.317190581271547,0.11566377181742134,14.0,1
4.0,0.0,2.0,1.0,24.78275160554015,0.21360457240659192,19.0,1
4.0,0.0,4.0,1.0,6.868501695327111,0.0011437808242481561,11.0,1
4.0,1.0,1.0,1.0,1.4434918292882712,0.02598447361280667,15.0,1
9.0,0.0,1.0,1.0,60.0486726477038,0.3427785749884958,16.0,1
1.0,0.0,2.0,1.0,1.3300639146546336,0.128317311201039,9.0,1
3.0,0.0,1.0,1.0,35.7567117755788,0.2057967440506857,19.0,1
4.0,1.0,2.0,1.0,4.705821468689727,0.14173688773402568,15.0,1
3.0,0.0,2.0,1.0,10.95885361456461,0.0001238114238053372,7.0,1
3.0,0.0,4.0,1.0,35.57483443454604,0.0006681720907571716,8.0,1
8.0,0.0,4.0,1.0,5.611727367575597,0.008251716101948303,15.0,1
11.0,0.0,3.0,1.0,41.15471615841075,0.20192579826045898,15.0,1
4.0,0.0,5.0,1.0,14.77350147115558,0.0693495567401575,16.0,1
2.0,0.0,2.0,1.0,10.118968172080077,0.05818606164316846,11.0,1
3.0,0.0,1.0,1.0,22.72010663129123,0.00033375358194599237,16.0,1
4.0,1.0,2.0,1.0,9.3524660660436,0.07138610526846004,18.0,1
2.0,0.0,3.0,1.0,9.532396766962261,0.0002915349529870708,19.0,1
7.0,0.0,1.0,1.0,27.449601363818132,0.04713712520045224,10.0,1
2.0,1.0,1.0,1.0,8.416411162116407,0.006990725005601708,15.0,1
11.0,0.0,2.0,1.0,5.482196569053283,0.1270637133345075,18.0,1
5.0,1.0,4.0,1.0,33.96837039994422,0.0700614052943915,16.0,1
5.0,0.0,1.0,1.0,33.73320539969585,0.040659073968494365,8.0,1
4.0,0.0,2.0,1.0,14.766604164710776,0.11007919378327909,9.0,1
4.0,0.0,2.0,1.0,15.958641423857104,0.005091539134070288,14.0,1
4.0,0.0,1.0,1.0,24.819593355883285,0.23451034666842313,7.0,1
3.0,0.0,1.0,1.0,15.23739892623789,0.3960855121791341,8.0,1
5.0,0.0,2.0,1.0,11.792732704732176,0.012800000265034698,11.0,1
9.0,0.0,1.0,1.0,106.54753635329476,0.007022512505115712,13.0,1
5.0,0.0,3.0,1.0,4.194936162936246,0.03354038638863617,16.0,1
2.0,0.0,2.0,1.0,18.965479222274215,0.04512243456386674,19.0,1
6.0,0.0,3.0,1.0,44.40712052379612,0.08691181396401089,15.0,1
7.0,0.0,3.0,1.0,24.244787141690118,0.09790127776959826,9.0,1
5.0,0.0,3.0,1.0,43.55974896047684,0.021005485089472177,17.0,1
7.0,0.0,2.0,1.0,9.19954707049917,0.031732002536240665,10.0,1
7.0,0.0,3.0,1.0,7.348891656756316,0.1289944614609358,16.0,1
8.0,0.0,4.0,1.0,39.11277492129807,1.5623418330568229e-06,7.0,1
7.0,0.0,2.0,1.0,11.021287608034125,0.03437820747620118,18.0,1
3.0,0.0,2.0,1.0,25.735590356446245,0.018658275571531657,7.0,1
4.0,1.0,3.0,1.0,4.197473998538576,0.05314731793946351,7.0,1
4.0,0.0,1.0,1.0,29.19847706135386,0.006039101773987967,10.0,1
3.0,0.0,2.0,1.0,16.924989359816497,0.019541799982883985,15.0,1
7.0,1.0,3.0,1.0,7.256213759104801,0.10144927523176973,14.0,1
7.0,0.0,3.0,1.0,14.64430164423824,0.0013827129902028792,10.0,1
3.0,0.0,2.0,1.0,24.876728748884624,0.2110527946847424,14.0,1
7.0,0.0,1.0,1.0,1.239152340813243,5.3555570287791984e-05,13.0,1
8.0,0.0,1.0,1.0,21.292798731583098,0.003398155820415074,12.0,1
3.0,0.0,2.0,1.0,16.599859931581136,0.04246531155575137,16.0,1
4.0,0.0,3.0,1.0,5.976566166852922,0.19446880325409063,18.0,1
7.0,0.0,1.0,1.0,28.965806434228906,0.020639702629921264,8.0,1
1.0,0.0,1.0,1.0,8.232629420224974,0.019745861884452806,9.0,1
4.0,0.0,1.0,1.0,7.483074522904544,0.1653603586187105,10.0,1
2.0,0.0,2.0,1.0,13.743593807292566,0.025269934970563672,13.0,1
2.0,0.0,2.0,1.0,23.549476807408478,0.07285527620198394,14.0,1
5.0,0.0,2.0,1.0,53.858167954715796,0.0028217064170138646,17.0,1
6.0,0.0,3.0,1.0,4.0480465215246495,0.07913423345076377,14.0,1
5.0,0.0,1.0,1.0,11.099128317977936,0.016960217645823762,10.0,1
4.0,1.0,2.0,1.0,2.386778466676069,0.008527853301909832,15.0,1
5.0,0.0,4.0,1.0,29.421919248588186,0.04117629948271915,14.0,1
7.0,0.0,1.0,1.0,12.874469084798703,0.21036287681173846,17.0,1
4.0,0.0,2.0,1.0,25.546816795647125,0.061898946478714106,19.0,1
2.0,0.0,4.0,1.0,8.777895863850384,0.32596947601724113,11.0,1
9.0,0.0,3.0,1.0,38.19869882121308,0.009219043274335603,19.0,1
4.0,0.0,4.0,1.0,16.306964350222586,0.011914063380957855,9.0,1
3.0,0.0,3.0,1.0,58.50849629824664,0.3103819530625702,8.0,1
4.0,1.0,2.0,1.0,2.641880050941265,0.008760297030504918,18.0,1
4.0,0.0,2.0,1.0,15.442328303746168,0.0012562672081339536,15.0,1
6.0,1.0,2.0,1.0,30.087631085520247,0.21978402686502452,7.0,1
4.0,0.0,2.0,1.0,19.3334484978741,0.006651460375958222,13.0,1
6.0,0.0,2.0,1.0,1.4693471491923211,0.0020560807404124168,17.0,1
9.0,1.0,1.0,1.0,72.75440343340333,0.008406396663752234,19.0,1
3.0,0.0,2.0,1.0,8.083951533712629,0.270370412991848,13.0,1
3.0,1.0,1.0,1.0,6.7343938168945545,0.021183227886621584,7.0,1
8.0,0.0,1.0,1.0,14.297410235155034,0.02218039668932474,13.0,1
6.0,0.0,2.0,1.0,16.624627348014595,0.014681649660475565,7.0,1
1.0,0.0,1.0,1.0,30.0733255917827,1.1331132392734981e-06,8.0,1
7.0,0.0,2.0,1.0,10.993548518418011,0.28244526135028886,15.0,1
5.0,0.0,5.0,1.0,12.594954828771481,0.006697418509559995,14.0,1
7.0,0.0,2.0,1.0,16.312633496342965,0.03336608322624578,15.0,1
5.0,0.0,1.0,1.0,11.03028550940507,0.0194889821048696,18.0,1
2.0,0.0,1.0,1.0,50.19602779747953,0.34339255795640733,15.0,1
6.0,0.0,1.0,1.0,39.110029114288,0.03987315868380437,10.0,1
7.0,0.0,2.0,1.0,13.138424391430096,0.007793898829063489,11.0,1
5.0,0.0,1.0,1.0,1.003897626508983,0.009509484886525464,16.0,1
6.0,0.0,1.0,1.0,47.239479726569826,0.30546676422210184,13.0,1
5.0,0.0,2.0,1.0,3.6554695626163998,0.047510544209492134,12.0,1
6.0,1.0,2.0,1.0,6.607838609743104,0.047029656876864785,15.0,1
3.0,0.0,2.0,1.0,4.306015537120265,0.13162968227668975,8.0,1
4.0,0.0,1.0,1.0,4.964520987121196,0.03141044843594834,14.0,1
5.0,0.0,2.0,1.0,33.478602166044325,0.0007239494248819894,8.0,1
8.0,1.0,3.0,1.0,18.32628456062861,0.04232600186529824,8.0,1
10.0,0.0,1.0,1.0,63.51461571186571,1.440139798037354e-07,9.0,1
5.0,0.0,1.0,1.0,6.265084527739559,0.012972224689404083,10.0,1
3.0,0.0,1.0,1.0,14.29643940405762,0.26646201537206576,12.0,1
7.0,0.0,3.0,1.0,76.8212286069994,0.00939539434220368,12.0,1
2.0,0.0,4.0,1.0,36.02504332881446,0.000282268355426307,8.0,1
6.0,1.0,3.0,1.0,27.08438609024268,0.0030664603557732663,12.0,1
6.0,1.0,1.0,1.0,5.189132949860462,0.049661142692489176,14.0,1
6.0,0.0,3.0,1.0,30.341881850780926,0.10134496128336455,11.0,1
5.0,0.0,2.0,1.0,9.540878990216301,0.0024899078741700826,7.0,1
0.0,1.0,2.0,1.0,16.123311427620603,0.23316402432414066,14.0,1
6.0,0.0,1.0,1.0,19.789202271675446,0.005822537552655637,12.0,1
4.0,0.0,4.0,1.0,19.7995672082223,0.002511005742354023,8.0,1
6.0,0.0,2.0,1.0,26.930789626552663,0.09880338295543803,13.0,1
3.0,0.0,3.0,1.0,22.676567779468332,0.2190786472832465,14.0,1
6.0,0.0,1.0,1.0,2.416409653396067,0.2802603854214151,8.0,1
3.0,1.0,1.0,1.0,13.225705069980906,0.358127649860479,7.0,1
5.0,0.0,2.0,1.0,22.814168536017156,0.03441612316310821,12.0,1
2.0,0.0,6.0,1.0,8.0193390871838,0.11801314752789173,19.0,1
4.0,0.0,3.0,1.0,8.510070086149668,0.10243812450615747,12.0,1
7.0,0.0,1.0,1.0,3.660745671578459,0.00018652085176942222,14.0,1
6.0,0.0,5.0,1.0,11.846841337202113,0.05272150964204682,13.0,1
7.0,0.0,2.0,1.0,87.59693481402394,0.20580552111536846,14.0,1
6.0,0.0,1.0,1.0,7.718389904282931,0.04983587448292891,16.0,1
2.0,1.0,1.0,1.0,16.16168971196514,0.17114049823517136,16.0,1
0.0,0.0,1.0,1.0,28.19205566056877,0.09109842962949433,11.0,1
4.0,1.0,4.0,1.0,1.2717837412062822,0.023673862237711958,8.0,1
5.0,0.0,1.0,1.0,47.1398075602441,0.060423420797631924,11.0,1
2.0,0.0,1.0,1.0,10.773136377393527,6.697421064679854e-07,8.0,1
3.0,0.0,1.0,1.0,41.668874854294906,0.1762375363648151,15.0,1
6.0,0.0,1.0,1.0,1.7945281249988416,0.39317469728778365,11.0,1
9.0,0.0,2.0,1.0,4.148603908111822,0.0064658419400378565,7.0,1
6.0,0.0,2.0,1.0,8.787784048339734,0.03854424867077635,15.0,1
4.0,0.0,1.0,1.0,9.476505780346708,0.07212554513083022,16.0,1
2.0,0.0,3.0,1.0,38.650437556459025,0.33723064427409444,11.0,1
6.0,0.0,1.0,1.0,1.2252864060285895,0.21081116285707033,17.0,1
7.0,0.0,1.0,1.0,21.494885880873127,0.043041098843318644,7.0,1
2.0,0.0,1.0,1.0,3.815435073366763,0.016043995868893924,15.0,1
6.0,0.0,2.0,1.0,35.65649309636457,0.13791458738197424,15.0,1
8.0,0.0,2.0,1.0,31.153270320660567,0.030716260806270455,16.0,1
4.0,0.0,2.0,1.0,14.859784957087456,0.3656383914832193,16.0,1
6.0,0.0,2.0,1.0,5.782593664619056,0.07254903275293557,15.0,1
6.0,0.0,1.0,1.0,21.129527793089114,0.004353147695095834,12.0,1
1.0,0.0,3.0,1.0,4.398177896172092,0.06660922088595604,16.0,1
7.0,0.0,3.0,1.0,5.21500810636483,0.03937006484111143,16.0,1
6.0,0.0,3.0,1.0,20.706916868032287,0.01902653259057411,8.0,1
5.0,1.0,2.0,1.0,95.72482606831875,0.04899354928733335,18.0,1
3.0,0.0,6.0,1.0,45.33931385005367,0.2192669081038361,19.0,1
7.0,1.0,3.0,1.0,18.984118128553494,0.015341714800594403,13.0,1
4.0,0.0,5.0,1.0,16.467058010306932,0.1182269932470725,8.0,1
2.0,2.0,3.0,1.0,129.56692053365404,0.35801728280046147,10.0,1
7.0,0.0,1.0,1.0,16.854804872475995,0.072611819558524,10.0,1
5.0,0.0,2.0,1.0,11.89856191109684,0.0062491572132330085,16.0,1
8.0,0.0,2.0,1.0,49.06038543231367,0.0002546727397664289,13.0,1
7.0,0.0,2.0,1.0,6.336274666376325,0.10317595807691925,12.0,1
5.0,1.0,4.0,1.0,3.052307746051648,0.1042554581535394,18.0,1
4.0,0.0,3.0,1.0,21.107359427335183,0.04549089662396014,17.0,1
3.0,2.0,1.0,1.0,3.015191961907515,0.30835456468958383,18.0,1
9.0,0.0,1.0,1.0,10.340913349122088,0.15097566694781006,19.0,1
4.0,0.0,1.0,1.0,12.018283634586297,0.031073730434712694,18.0,1
8.0,0.0,1.0,1.0,16.861032909132128,0.019087583481400532,16.0,1
4.0,2.0,1.0,1.0,96.73275194847108,0.040503511418707505,13.0,1
2.0,0.0,5.0,1.0,5.994415433667527,0.046872855614336996,12.0,1
2.0,0.0,2.0,1.0,10.424291354939271,0.07484003980512456,7.0,1
5.0,0.0,1.0,1.0,3.836804872401557,0.012734197079552792,17.0,1
8.0,0.0,3.0,1.0,19.710160437967474,0.05945978927280153,10.0,1
5.0,1.0,1.0,1.0,27.015047966388394,0.11253502159119173,9.0,1
6.0,0.0,2.0,1.0,14.158567102529124,0.23119510125572762,13.0,1
3.0,0.0,1.0,1.0,6.642783078017408,0.07072428027700911,19.0,1
5.0,0.0,3.0,1.0,20.398486261523114,0.2157750072930091,13.0,1
8.0,0.0,3.0,1.0,16.493988552950526,0.3118207866733051,18.0,1
4.0,0.0,1.0,1.0,4.755183640047006,0.00022619319647488066,18.0,1
5.0,0.0,1.0,1.0,11.40681163839055,0.36376769962108024,17.0,1
1.0,0.0,2.0,1.0,12.425568868904978,0.003683223312178126,10.0,1
5.0,0.0,1.0,1.0,82.04611850691866,0.030447603217285624,13.0,1
6.0,0.0,1.0,1.0,38.84740328404283,0.04355482828780838,10.0,1
3.0,0.0,2.0,1.0,27.513077670359664,0.04846226430886714,15.0,1
6.0,1.0,2.0,1.0,44.92436626632494,0.01832467162000052,9.0,1
5.0,1.0,1.0,1.0,27.59710144504738,0.16411694783224706,16.0,1
5.0,0.0,3.0,1.0,47.74391484296412,0.17214452738544084,8.0,1
6.0,0.0,3.0,1.0,2.121951379205397,0.02381056094895629,11.0,1
6.0,0.0,1.0,1.0,13.17855495488967,0.007916716732993838,15.0,1
7.0,0.0,4.0,1.0,28.479280679613545,0.07055842771089564,17.0,1
6.0,0.0,3.0,1.0,18.507573065512496,0.07451945404720571,9.0,1
5.0,0.0,2.0,1.0,4.851466480505132,0.0085404316084334,7.0,1
6.0,0.0,1.0,1.0,9.325226153963483,0.00029304595853242544,15.0,1
6.0,0.0,2.0,1.0,8.647896948874296,0.012380871362651761,11.0,1
5.0,0.0,1.0,1.0,7.058538084537766,0.2507383534281884,8.0,1
10.0,0.0,2.0,1.0,9.405552074477828,0.043061846456027106,12.0,1
4.0,0.0,6.0,1.0,15.466078715392952,0.005370528521179833,9.0,1
8.0,0.0,2.0,1.0,39.602373338286775,0.016603066208207205,15.0,1
6.0,0.0,2.0,1.0,28.098446010003773,0.2110983725969638,9.0,1
4.0,0.0,2.0,1.0,37.06648618076122,0.008435081627920983,8.0,1
5.0,0.0,1.0,1.0,44.015098279764466,0.25666835985121644,9.0,1
4.0,0.0,2.0,1.0,11.762239193008396,0.10204526187931587,12.0,1
6.0,0.0,3.0,1.0,9.49376235951816,0.032216479236398685,9.0,1
2.0,0.0,1.0,1.0,2.1870055435601667,0.017753658486825915,15.0,1
2.0,0.0,2.0,1.0,54.32615970272536,0.01505826353452336,15.0,1
9.0,1.0,1.0,1.0,2.3617874083001507,0.012408269451474918,15.0,1
1.0,0.0,1.0,1.0,28.02901159162739,0.4525332252900015,8.0,1
3.0,0.0,1.0,1.0,10.499786486782869,0.013787476684259507,13.0,1
4.0,0.0,1.0,1.0,60.43280638711323,0.05155784508307784,18.0,1
3.0,0.0,3.0,1.0,11.880824798919944,0.06443928534661028,8.0,1
2.0,1.0,2.0,1.0,34.922625129636785,0.006207414111320758,7.0,1
6.0,0.0,2.0,1.0,7.643962971831411,0.08520669435467865,11.0,1
2.0,0.0,3.0,1.0,8.107479161583301,0.0484188452460735,17.0,1
7.0,0.0,2.0,1.0,19.103030570024806,0.15055797526560652,17.0,1
10.0,0.0,4.0,1.0,125.11924867714298,0.010570792513621861,14.0,1
1.0,1.0,2.0,1.0,15.578489170872867,0.11859032740609646,9.0,1
2.0,0.0,5.0,1.0,56.07412609536484,0.051455759097651536,13.0,1
4.0,0.0,4.0,1.0,31.858947353017328,0.025132242299853218,12.0,1
4.0,1.0,2.0,1.0,32.77940759308781,0.002241522252397077,17.0,1
8.0,0.0,2.0,1.0,12.452601774784677,0.008116612516762696,19.0,1
6.0,0.0,2.0,1.0,10.772877692799392,0.21997478585663455,7.0,1
2.0,0.0,1.0,1.0,5.261929059566662,0.04054753054282354,18.0,1
6.0,0.0,2.0,1.0,67.45212394511108,0.07241875963902838,13.0,1
8.0,0.0,4.0,1.0,65.0765979155881,0.05983804927943109,9.0,1
8.0,0.0,2.0,1.0,28.492671012908158,0.193178903618792,10.0,1
2.0,0.0,3.0,1.0,8.026711613497135,0.030882345773731515,16.0,1
5.0,1.0,2.0,1.0,6.6255071958059135,0.0003204771868448179,8.0,1
4.0,0.0,2.0,1.0,90.5008156486208,0.2340861214534425,17.0,1
3.0,0.0,5.0,1.0,2.377203643843681,0.02087381744764254,7.0,1
8.0,0.0,4.0,1.0,38.10220331625986,0.0017195974437031586,11.0,1
3.0,0.0,1.0,1.0,9.784305853574935,0.057851172162673464,12.0,1
7.0,0.0,1.0,1.0,11.855606254367217,0.002157589516135295,17.0,1
2.0,1.0,2.0,1.0,36.67316530533303,0.010887949520776145,8.0,1
1.0,0.0,2.0,1.0,2.8994710815003524,0.03360824196950434,16.0,1
5.0,1.0,2.0,1.0,9.744369398977115,0.12395798397965847,12.0,1
4.0,0.0,1.0,1.0,61.74120340774699,0.2154365766442671,12.0,1
4.0,0.0,5.0,1.0,25.0172803503846,0.04031499739220527,14.0,1
4.0,0.0,2.0,1.0,29.124975846914737,0.01669902902086258,14.0,1
3.0,0.0,2.0,1.0,29.33550856907472,0.04536122929747317,12.0,1
0.0,0.0,2.0,1.0,2.24964118294583,0.17530032618434557,13.0,1
2.0,0.0,2.0,1.0,5.543222049029452,0.00996462165603942,10.0,1
3.0,0.0,3.0,1.0,14.516491974881731,0.08099135615701589,11.0,1
4.0,1.0,1.0,1.0,10.182072454112463,0.021355674843363256,12.0,1
2.0,0.0,2.0,1.0,11.583603966452653,0.009497144020443068,12.0,1
6.0,0.0,2.0,1.0,31.41456926705896,0.0004901054449135564,9.0,1
5.0,0.0,1.0,1.0,1.295760822899392,0.004770017080690799,15.0,1
1.0,0.0,1.0,1.0,22.60515102359925,0.035486151204483486,10.0,1
8.0,1.0,2.0,1.0,1.0022047575558808,0.16725541861549884,14.0,1
6.0,0.0,1.0,1.0,2.302689185762044,0.0006341214601580739,19.0,1
1.0,0.0,1.0,1.0,11.494641429336829,0.000146704186929366,10.0,1
9.0,0.0,1.0,1.0,37.7705470870643,0.07763756856397871,12.0,1
3.0,1.0,1.0,1.0,4.132977150029083,0.04598860846570917,7.0,1
9.0,1.0,4.0,1.0,17.17661185018083,0.5745545674517809,8.0,1
4.0,0.0,1.0,1.0,23.69547986125147,0.0149073936230472,12.0,1
3.0,0.0,3.0,1.0,6.215166082723885,0.278295127687555,9.0,1
7.0,0.0,2.0,1.0,15.362337096620099,0.06870953977142781,17.0,1
5.0,0.0,2.0,1.0,49.47411254425153,0.07659223532448828,13.0,1
6.0,0.0,4.0,1.0,15.358165449886314,0.03507859352934047,7.0,1
3.0,0.0,1.0,1.0,4.42343246247019,0.051078734740322845,9.0,1
7.0,0.0,4.0,1.0,20.767246936324923,0.07199451931876277,9.0,1
5.0,0.0,2.0,1.0,18.939577245111945,0.017791950355555922,18.0,1
8.0,0.0,1.0,1.0,1.546494045888383,0.009112607025803824,7.0,1
7.0,0.0,2.0,1.0,2.8992817204802073,0.08770590451272024,10.0,1
3.0,0.0,1.0,1.0,4.410579788301768,0.003575206987312074,14.0,1
5.0,0.0,2.0,1.0,3.930342933481043,0.01818256116236936,17.0,1
9.0,0.0,1.0,1.0,7.007668431536519,0.09882547098793645,13.0,1
5.0,0.0,2.0,1.0,13.106584430872287,0.2649878576301745,13.0,1
6.0,1.0,1.0,1.0,10.295269191731121,0.012834431686529915,11.0,1
4.0,0.0,1.0,1.0,45.26401077521206,0.07570329623750414,19.0,1
6.0,0.0,1.0,1.0,19.940639242591406,0.04657143202066581,10.0,1
6.0,1.0,4.0,1.0,42.77277008155976,0.028490764261860035,16.0,1
5.0,0.0,2.0,1.0,15.974860666142929,0.10720811255150392,12.0,1
6.0,1.0,1.0,1.0,2.883366993975595,0.0002650373412117799,8.0,1
4.0,0.0,3.0,1.0,13.445852293851312,0.06391979149106414,7.0,1
4.0,0.0,1.0,1.0,35.52309185675395,0.01945774968337483,19.0,1
7.0,0.0,5.0,1.0,5.316005762943166,0.013369104557665924,13.0,1
7.0,0.0,1.0,1.0,2.912918855886481,0.09698252541314278,19.0,1
5.0,0.0,2.0,1.0,8.992684963361846,0.2430204347221947,10.0,1
3.0,0.0,1.0,1.0,10.849822343228688,0.08026940601325559,13.0,1
3.0,1.0,2.0,1.0,8.313093581446065,0.009922001504520037,12.0,1
3.0,0.0,1.0,1.0,3.9060835136966636,0.03755699071328546,17.0,1
2.0,0.0,3.0,1.0,6.776050257461408,0.028751016923217635,15.0,1
6.0,0.0,1.0,1.0,23.931847111032376,0.04458138242739101,18.0,1
3.0,0.0,1.0,1.0,10.752878692726403,0.00026463012828156643,16.0,1
3.0,0.0,2.0,1.0,21.023330251214695,0.0015523525441606316,12.0,1
11.0,0.0,3.0,1.0,16.370512785299734,0.010731307515273413,9.0,1
4.0,0.0,1.0,1.0,16.928106592916855,0.15034016069478034,13.0,1
10.0,0.0,1.0,1.0,6.715000346731633,0.2844803365113596,15.0,1
8.0,0.0,1.0,1.0,15.743780095463768,0.015921626959944375,17.0,1
3.0,0.0,1.0,1.0,1.4775505314606403,0.03243464830893521,16.0,1
7.0,0.0,2.0,1.0,12.303656082469013,0.07998947499630744,18.0,1
5.0,0.0,3.0,1.0,18.001766751858348,0.23769907086021475,18.0,1
3.0,0.0,1.0,1.0,5.01775179051759,0.022883475595530157,19.0,1
5.0,0.0,3.0,1.0,6.929304129856695,0.00015906963736756857,12.0,1
6.0,0.0,3.0,1.0,5.9572056666842945,0.009012657740413365,13.0,1
5.0,0.0,1.0,1.0,2.463416495525925,0.0025223990563537193,14.0,1
5.0,0.0,2.0,1.0,9.549838167772453,0.3358648193684563,10.0,1
2.0,0.0,3.0,1.0,78.23207999173185,0.014348580836874205,11.0,1
6.0,0.0,1.0,1.0,9.735413260411095,0.03586557270269455,10.0,1
5.0,0.0,3.0,1.0,13.343607553148708,0.071181301098044,7.0,1
4.0,1.0,1.0,1.0,22.173639486617088,0.2556264037309507,12.0,1
7.0,0.0,3.0,1.0,21.910783398799097,0.06579299438435465,13.0,1
5.0,0.0,1.0,1.0,60.87268153363733,0.0077650011695586975,8.0,1
6.0,0.0,2.0,1.0,39.97726977333021,0.004211003006535754,12.0,1
6.0,1.0,1.0,1.0,32.59279511710786,0.022576295347255807,17.0,1
6.0,0.0,2.0,1.0,61.57636279223751,2.980959115817112e-06,8.0,1
3.0,0.0,1.0,1.0,6.247185312162169,0.09288370340646915,16.0,1
5.0,0.0,2.0,1.0,20.197236002632035,0.003251538400109566,19.0,1
4.0,0.0,2.0,1.0,44.642205530366134,0.013141619028138665,11.0,1
8.0,0.0,2.0,1.0,20.570672906893474,0.056713664714071084,7.0,1
3.0,0.0,2.0,1.0,76.81423478772567,0.012250172612029276,9.0,1
2.0,0.0,2.0,1.0,3.1150499362564683,0.03248054926749566,10.0,1
1.0,1.0,2.0,1.0,12.5724735720859,0.008072036119301422,10.0,1
7.0,0.0,3.0,1.0,76.76330950181222,0.2660311750929732,8.0,1
3.0,0.0,3.0,1.0,10.546786308646597,0.04070408728593934,14.0,1
2.0,0.0,2.0,1.0,27.907377046775007,0.028111033296412728,12.0,1
4.0,0.0,1.0,1.0,1.6174931141624764,0.17997859603641594,15.0,1
6.0,1.0,2.0,1.0,24.738191890729365,0.27404953259376474,12.0,1
2.0,0.0,3.0,1.0,55.55283716652182,0.003018628422649456,9.0,1
7.0,0.0,3.0,1.0,10.648206627544004,0.32835316971132705,18.0,1
4.0,1.0,1.0,1.0,1.4305990590003757,0.002746508821020575,8.0,1
10.0,0.0,2.0,1.0,1.5661336998994506,5.452754636702011e-06,15.0,1
8.0,0.0,2.0,1.0,45.51679737531811,0.05717447758746198,9.0,1
6.0,0.0,2.0,1.0,26.639847821407496,0.11240608386041881,12.0,1
7.0,2.0,2.0,1.0,3.256351325687149,7.954762454526572e-06,16.0,1
3.0,1.0,2.0,1.0,2.1227375238878605,0.14812059755650378,8.0,1
4.0,0.0,4.0,1.0,33.67721100000681,0.016290232898790013,13.0,1
8.0,0.0,1.0,1.0,34.19995928318052,0.4072577291641242,7.0,1
5.0,1.0,1.0,1.0,3.568530943349539,0.06189412454958941,15.0,1
4.0,0.0,4.0,1.0,8.176986234382486,0.03769609895863979,7.0,1
4.0,1.0,2.0,1.0,31.28492429968788,0.019315291385313196,15.0,1
5.0,0.0,3.0,1.0,15.906167385134761,0.057651372795735775,17.0,1
5.0,0.0,1.0,1.0,63.7389413497788,0.11079693552455959,7.0,1
4.0,0.0,1.0,1.0,14.119442140875233,0.01971643122145085,7.0,1
3.0,0.0,1.0,1.0,23.59945479965088,0.020913358531570003,14.0,1
6.0,0.0,1.0,1.0,15.258157496963156,0.10305788062576438,7.0,1
8.0,1.0,1.0,1.0,58.281977108648036,0.0037544652901146496,14.0,1
5.0,0.0,1.0,1.0,11.171865415342289,0.13504662652180316,9.0,1
5.0,1.0,1.0,1.0,6.22200910286421,0.0020046535691943144,10.0,1
3.0,0.0,4.0,1.0,8.909321121738621,0.008218371421626092,8.0,1
5.0,0.0,1.0,1.0,39.31589273817976,0.0418875049560546,19.0,1
5.0,1.0,1.0,1.0,14.780655666733699,0.09904191339718432,12.0,1
10.0,0.0,3.0,1.0,9.746928283719486,0.0462006389418877,13.0,1
4.0,0.0,2.0,1.0,16.71665710746555,0.4551807673265457,16.0,1
4.0,0.0,2.0,1.0,3.85962564523399,0.0002647179425491847,9.0,1
9.0,0.0,2.0,1.0,1.1074743443200623,0.0013252878446764163,15.0,1
5.0,0.0,4.0,1.0,7.5863291511465905,0.027066065182273485,9.0,1
4.0,0.0,3.0,1.0,19.577679893010448,0.09391434107844272,13.0,1
2.0,1.0,2.0,1.0,25.87373948070045,0.006098275412853355,10.0,1
4.0,0.0,2.0,1.0,36.04434919453101,0.08429397906530746,11.0,1
4.0,0.0,3.0,1.0,53.25395300603906,1.3897457852919443e-05,18.0,1
5.0,0.0,2.0,1.0,11.624388312112139,0.07267779871288917,15.0,1
2.0,0.0,1.0,1.0,27.981266333016322,0.016259329154034413,9.0,1
8.0,0.0,2.0,1.0,2.5521602998498807,0.13438485190104052,9.0,1
3.0,1.0,5.0,1.0,2.185023782048331,0.07517276317677335,15.0,1
5.0,0.0,2.0,1.0,3.666011059370219,0.004490610706798277,15.0,1
4.0,0.0,3.0,1.0,12.904774777114566,0.01661774419722378,19.0,1
5.0,1.0,4.0,1.0,5.746914491131795,2.3860214325902073e-05,10.0,1
7.0,0.0,2.0,1.0,7.763371866679368,0.36372434986899527,7.0,1
6.0,1.0,2.0,1.0,21.875674903084864,0.018182156297520236,7.0,1
7.0,0.0,2.0,1.0,9.8796133774456,0.0035489750628322227,18.0,1
3.0,0.0,1.0,1.0,17.300491832177656,0.17304886640730624,15.0,1
8.0,1.0,1.0,1.0,11.634304561197697,0.03259876005541607,12.0,1
3.0,0.0,1.0,1.0,4.701769756866673,0.10397224947819109,11.0,1
6.0,0.0,3.0,1.0,2.5380526463664435,0.004068052411770365,19.0,1
6.0,1.0,1.0,1.0,6.389810801260369,0.023825966937693274,18.0,1
6.0,0.0,2.0,1.0,2.1886416401802378,0.23208946705569053,16.0,1
3.0,0.0,1.0,1.0,20.27875888345476,0.2830866355634628,19.0,1
1.0,0.0,1.0,1.0,32.7650387173632,0.03627078614448241,9.0,1
6.0,1.0,1.0,1.0,9.302454913597053,0.05226446599794132,9.0,1
5.0,0.0,2.0,1.0,10.791430528564653,0.016092685002237428,8.0,1
2.0,0.0,1.0,1.0,34.87716890858701,0.22091735456553507,19.0,1
4.0,0.0,3.0,1.0,6.036337407853394,4.17080076096044e-06,13.0,1
10.0,0.0,2.0,1.0,3.5375916482923433,0.23884374856613383,15.0,1
3.0,1.0,2.0,1.0,14.907718386574539,0.0023679948135008327,12.0,1
11.0,1.0,3.0,1.0,21.779914245287678,0.4018448966912759,16.0,1
2.0,2.0,3.0,1.0,19.308543349388998,0.02173949308421669,7.0,1
3.0,0.0,1.0,1.0,26.02639338025945,0.016799829492392292,12.0,1
3.0,0.0,1.0,1.0,2.168503468723381,0.0054502431364198975,17.0,1
2.0,0.0,2.0,1.0,12.179376391834694,0.04011921348925419,14.0,1
3.0,0.0,2.0,1.0,6.451154456288965,0.07669749708354935,14.0,1
6.0,0.0,2.0,1.0,29.46923247515999,0.01738151889983204,16.0,1
6.0,1.0,1.0,1.0,42.22896536796468,0.041587876190297746,19.0,1
7.0,1.0,2.0,1.0,7.607219710862633,0.044047794831669866,9.0,1
3.0,1.0,1.0,1.0,3.0012267133576707,0.0001225719073786534,19.0,1
5.0,1.0,1.0,1.0,6.845263312852046,0.1862897819130223,7.0,1
2.0,1.0,1.0,1.0,3.1964868089640937,0.0413870925723521,11.0,1
5.0,0.0,1.0,1.0,8.784616977231131,0.0067054030727308365,12.0,1
4.0,1.0,3.0,1.0,16.452406070165722,0.10346180209270206,16.0,1
1.0,0.0,1.0,1.0,73.74924869025023,0.33040502894023366,15.0,1
3.0,0.0,1.0,1.0,11.195531962095837,0.04336773387375192,8.0,1
3.0,0.0,2.0,1.0,5.970250900749374,0.017419944606988404,7.0,1
8.0,0.0,2.0,1.0,4.649673167534168,0.012434015054241455,13.0,1
10.0,0.0,2.0,1.0,4.799973398510639,0.051177834328097686,8.0,1
4.0,0.0,2.0,1.0,5.278664023720305,0.12189877018505228,17.0,1
5.0,0.0,2.0,1.0,29.73214357189994,0.20180912157406272,8.0,1
6.0,1.0,2.0,1.0,2.2593862370394193,0.0025996021864811763,9.0,1
3.0,1.0,3.0,1.0,120.0657101649046,0.030731694219937083,10.0,1
11.0,0.0,2.0,1.0,15.791630865182626,0.02712866316344564,19.0,1
5.0,0.0,3.0,1.0,16.717178134654688,0.007613971691483455,13.0,1
5.0,0.0,2.0,1.0,9.849757785120381,0.1736173071395313,7.0,1
3.0,0.0,3.0,1.0,24.440141220046,0.014110117402093659,19.0,1
7.0,0.0,2.0,1.0,13.752597351734995,0.02501368147442887,12.0,1
2.0,1.0,1.0,1.0,8.981549599178221,0.40084336534810916,17.0,1
5.0,0.0,1.0,1.0,7.161462037309549,0.014043733053884637,13.0,1
4.0,0.0,3.0,1.0,52.97975678676648,0.05505138517762863,9.0,1
6.0,0.0,2.0,1.0,7.877699283977541,0.29195015262919216,9.0,1
4.0,0.0,2.0,1.0,12.46797078362881,0.01700337655799394,8.0,1
5.0,0.0,1.0,1.0,9.626165762029972,0.031512148968632005,11.0,1
3.0,0.0,1.0,1.0,2.8024076062366965,0.013918882864789418,13.0,1
5.0,1.0,3.0,1.0,5.114286395363711,0.004214569169232837,17.0,1
6.0,0.0,1.0,1.0,5.202127499589917,0.04646017343063698,18.0,1
3.0,0.0,3.0,1.0,24.660509093257925,0.027222501517147973,9.0,1
7.0,0.0,1.0,1.0,11.437239684900295,0.005573172996550849,13.0,1
4.0,0.0,1.0,1.0,31.462228680156134,0.07414441489524524,14.0,1
2.0,0.0,3.0,1.0,25.685267622595855,0.12387427439549285,19.0,1
12.0,0.0,1.0,1.0,5.265096288644308,0.04280327556689611,9.0,1
4.0,0.0,1.0,1.0,17.55263975628608,0.1977910447582758,17.0,1
2.0,0.0,2.0,1.0,28.16649144675269,0.08437322830680472,7.0,1
7.0,0.0,3.0,1.0,21.05020790934339,0.0749360672405034,9.0,1
1.0,0.0,3.0,1.0,19.326640058914926,0.182000806467478,19.0,1
0.0,0.0,2.0,1.0,27.911563596332112,0.08246911032516023,12.0,1
3.0,0.0,4.0,1.0,2.1691301866333457,0.073863939678238,7.0,1
10.0,0.0,2.0,1.0,27.29227416875675,0.09556073998125665,15.0,1
2.0,0.0,1.0,1.0,7.367094457119568,0.007731447724170612,9.0,1
9.0,0.0,1.0,1.0,17.96667314322686,0.15091379904457483,9.0,1
3.0,0.0,1.0,1.0,6.549486839697027,0.03857614174372036,18.0,1
6.0,0.0,1.0,1.0,37.504369271575456,0.20722019394809285,13.0,1
5.0,0.0,1.0,1.0,14.100054554293488,0.09940409731602022,13.0,1
3.0,0.0,3.0,1.0,21.597096771211014,0.39175726339508565,19.0,1
8.0,1.0,2.0,1.0,32.60554917654689,0.049503927347221026,12.0,1
4.0,0.0,2.0,1.0,46.13603748817304,0.016243499430305224,13.0,1
5.0,1.0,1.0,1.0,27.340000616035173,0.039756438392302564,11.0,1
4.0,1.0,2.0,1.0,4.221424880132664,0.04101713883596556,14.0,1
4.0,1.0,1.0,1.0,39.55603377001988,0.07400414531667433,16.0,1
3.0,0.0,1.0,1.0,20.276973693497713,0.04942320419873087,8.0,1
5.0,0.0,4.0,1.0,19.803973165214774,0.014723366192835853,11.0,1
3.0,0.0,1.0,1.0,51.852552575423424,0.08930343707061433,17.0,1
7.0,0.0,2.0,1.0,6.722507179607293,0.38075551687765474,15.0,1
2.0,0.0,1.0,1.0,6.477887712302961,0.0034761936587289176,10.0,1
7.0,2.0,2.0,1.0,15.397773556127554,0.2917703280093886,14.0,1
4.0,0.0,1.0,1.0,28.795052001611484,0.02780093962113762,9.0,1
3.0,0.0,3.0,1.0,12.856652986125676,1.2170902744668467e-06,12.0,1
3.0,0.0,2.0,1.0,21.09650481348325,0.08316912669883975,14.0,1
8.0,0.0,3.0,1.0,13.048759534176245,0.06367033549781184,15.0,1
10.0,0.0,4.0,1.0,19.852036069217267,0.007266208299419382,19.0,1
5.0,0.0,2.0,1.0,35.54892851421554,0.08224284539545673,13.0,1
8.0,0.0,1.0,1.0,4.9806488892356,0.0007821834928634702,12.0,1
1.0,0.0,4.0,1.0,24.773707365453166,0.10810155546556466,17.0,1
6.0,1.0,1.0,1.0,31.969277794546105,0.023570820229306712,12.0,1
2.0,1.0,1.0,1.0,12.85197515879372,0.16607711596186867,18.0,1
4.0,0.0,1.0,1.0,8.808581668553838,0.02521465730075546,12.0,1
4.0,1.0,1.0,1.0,1.2727377002966822,0.18919416879555517,16.0,1
8.0,0.0,2.0,1.0,32.9013357042447,0.24512061650076636,15.0,1
7.0,0.0,2.0,1.0,8.948113228568321,0.10058969065103342,9.0,1
4.0,0.0,1.0,1.0,9.841839210106675,0.20983757088524446,10.0,1
7.0,0.0,1.0,1.0,9.189648226481976,0.0002086920086687476,9.0,1
5.0,0.0,2.0,1.0,14.812580308509325,0.12476380353870775,19.0,1
7.0,0.0,1.0,1.0,25.24679238879515,0.015165854845986943,15.0,1
3.0,0.0,4.0,1.0,30.556190550158096,0.3288686434328569,19.0,1
4.0,0.0,1.0,1.0,10.970390454602537,0.014610778082766757,11.0,1
8.0,0.0,4.0,1.0,22.75950338180016,0.030509697204268518,16.0,1
7.0,0.0,1.0,1.0,26.50824835229661,0.00187430814775186,19.0,1
2.0,0.0,1.0,1.0,8.0456160090805,0.16920340345853122,14.0,1
2.0,1.0,2.0,1.0,3.032272426107403,0.010322802129899505,18.0,1
6.0,0.0,2.0,1.0,46.01232745760416,0.012791999723499495,14.0,1
8.0,0.0,2.0,1.0,23.609241319905777,0.020599374440750044,15.0,1
4.0,0.0,2.0,1.0,21.88875628332991,0.0612744352955523,16.0,1
6.0,0.0,3.0,1.0,2.214170955016883,9.554875956758999e-05,13.0,1
8.0,0.0,5.0,1.0,35.06102697587323,0.012652473307531659,9.0,1
6.0,0.0,1.0,1.0,17.696710725525435,0.062093166561523784,11.0,1
4.0,0.0,1.0,1.0,38.66229269436889,0.037612935312490874,9.0,1
6.0,0.0,3.0,1.0,74.42958144251743,0.009585746203892574,8.0,1
6.0,0.0,2.0,1.0,63.97781865604125,0.036315218115713456,9.0,1
4.0,0.0,4.0,1.0,39.77125266029709,0.14769899888739027,18.0,1
4.0,1.0,2.0,1.0,1.2201547456005875,0.012272040982405126,16.0,1
5.0,0.0,2.0,1.0,44.38333557672043,0.016950706042559188,15.0,1
9.0,0.0,2.0,1.0,2.560578200781605,0.3074554006983094,15.0,1
5.0,0.0,3.0,1.0,39.10223268797168,0.04373851615322931,14.0,1
6.0,1.0,1.0,1.0,7.574917163235167,0.046843809361905374,13.0,1
9.0,0.0,3.0,1.0,19.835675644422516,0.1574900055447318,7.0,1
3.0,0.0,2.0,1.0,1.7762351436609882,0.014852295651119082,15.0,1
10.0,0.0,1.0,1.0,30.496540463860264,0.06509680981229814,16.0,1
7.0,0.0,4.0,1.0,3.3690529461665384,0.21880356987216748,8.0,1
6.0,1.0,4.0,1.0,11.575996310370286,0.08084572938963488,12.0,1
5.0,0.0,2.0,1.0,35.0141854410635,0.0011422519659016442,16.0,1
5.0,0.0,2.0,1.0,24.771768167530965,0.03421295356180233,11.0,1
9.0,1.0,3.0,1.0,1.1212205566743607,0.11094775729657352,12.0,1
7.0,1.0,2.0,1.0,11.317846575382912,6.860822417488157e-05,14.0,1
7.0,0.0,1.0,1.0,1.8566368616959172,0.04975907349778651,14.0,1
5.0,0.0,3.0,1.0,23.3864980796468,0.004714906597168784,16.0,1
2.0,0.0,1.0,1.0,70.44215794020218,0.08061409990472093,8.0,1
5.0,0.0,2.0,1.0,22.299368617296885,0.06090763953877851,13.0,1
4.0,1.0,1.0,1.0,6.08165622025412,0.051089972116174415,8.0,1
7.0,0.0,1.0,1.0,9.77732634985947,0.011370766766921354,7.0,1
3.0,0.0,1.0,1.0,76.14364184173802,0.07515902579848362,18.0,1
3.0,0.0,7.0,1.0,6.073406047174696,0.33254731899639484,14.0,1
6.0,0.0,2.0,1.0,17.489235410366,0.15712668932543356,15.0,1
3.0,0.0,2.0,1.0,11.231645154884117,0.0879063861770543,13.0,1
5.0,0.0,1.0,1.0,30.247557488922276,0.0011180314578949709,10.0,1
3.0,0.0,2.0,1.0,41.40674598747924,0.33223448226440394,13.0,1
8.0,0.0,3.0,1.0,9.335696936262147,0.4072138028172536,10.0,1
3.0,1.0,3.0,1.0,22.59952234006559,0.21014128687100797,13.0,1
7.0,0.0,3.0,1.0,16.9278740907039,0.15945486432770642,10.0,1
5.0,0.0,1.0,1.0,7.526919337351874,0.005439338683760545,15.0,1
6.0,0.0,1.0,1.0,7.3474583854803255,0.04160520339954004,11.0,1
4.0,0.0,1.0,1.0,16.471170516505914,0.06425583502148698,13.0,1
6.0,0.0,1.0,1.0,4.344786319839315,0.0658671609903144,17.0,1
7.0,0.0,2.0,1.0,34.30005861444449,0.2542681795241206,14.0,1
10.0,0.0,2.0,1.0,2.430023991415659,0.09314657865773977,11.0,1
7.0,0.0,2.0,1.0,2.987005295947382,3.1211891654400534e-06,7.0,1
6.0,0.0,3.0,1.0,9.37788682711578,0.006669503897571789,10.0,1
4.0,0.0,2.0,1.0,3.5133452524879,0.25442930410177106,9.0,1
6.0,1.0,1.0,1.0,13.913825598887147,0.0206303740496565,19.0,1
2.0,0.0,2.0,1.0,11.205711740304139,0.03648372693877983,13.0,1
2.0,2.0,1.0,1.0,26.58900423559175,0.35204555490910155,12.0,1
3.0,1.0,2.0,1.0,62.15392179795628,0.025352865213266018,12.0,1
9.0,0.0,2.0,1.0,29.01261960061972,0.010300569818671385,8.0,1
4.0,0.0,1.0,1.0,4.95557604634806,0.012188942098966326,12.0,1
7.0,0.0,2.0,1.0,55.828402336896325,0.004629789217115916,14.0,1
8.0,0.0,3.0,1.0,10.955997650742415,0.19388064156730778,11.0,1
6.0,0.0,3.0,1.0,13.856282656456198,0.024625939007620348,15.0,1
3.0,0.0,2.0,1.0,11.94897051194759,0.055125697021542394,17.0,1
6.0,0.0,3.0,1.0,7.5852822059615965,0.170436271413221,8.0,1
3.0,0.0,3.0,1.0,46.08433612699779,0.012773826438381116,13.0,1
7.0,0.0,3.0,1.0,9.076495061426973,0.03654537839062292,12.0,1
6.0,0.0,1.0,1.0,18.28328800095165,0.16695201680129615,17.0,1
2.0,0.0,4.0,1.0,6.489620732887791,0.02081484822171173,17.0,1
1.0,0.0,1.0,1.0,32.92800297006469,0.1360066062348993,19.0,1
2.0,0.0,2.0,1.0,30.761993814876714,0.2823794555932504,12.0,1
5.0,0.0,1.0,1.0,8.028407992426185,0.00472778734412662,10.0,1
4.0,0.0,1.0,1.0,23.88605185547943,0.0639423516459626,19.0,1
5.0,0.0,2.0,1.0,25.339373256941453,0.07033253519275812,16.0,1
8.0,0.0,1.0,1.0,17.534093349573446,0.06304891767664773,15.0,1
4.0,0.0,3.0,1.0,19.355756152244115,0.3649228520079344,12.0,1
6.0,1.0,3.0,1.0,18.087674572774155,0.31585215507095105,19.0,1
3.0,1.0,1.0,1.0,2.70820382405584,0.18131968663599166,18.0,1
4.0,0.0,2.0,1.0,23.189340457069513,0.0008354223853241821,14.0,1
8.0,0.0,2.0,1.0,13.689077055528362,0.34297227121434953,14.0,1
5.0,0.0,2.0,1.0,12.541348534769124,0.15801400431699308,10.0,1
7.0,0.0,2.0,1.0,40.32214552516814,0.33665915258821133,11.0,1
2.0,0.0,2.0,1.0,1.4700140898554173,0.0019516914426955028,8.0,1
5.0,0.0,1.0,1.0,6.788736701852074,0.18297751273824706,10.0,1
10.0,0.0,1.0,1.0,3.5885906175939755,0.021599984473086156,18.0,1
4.0,0.0,2.0,1.0,1.7196130842395196,0.00017046708928952832,12.0,1
5.0,0.0,4.0,1.0,7.450357005574162,0.20451422933501406,8.0,1
3.0,0.0,4.0,1.0,90.26694267828367,0.004650910547442537,8.0,1
3.0,0.0,4.0,1.0,7.30049460057354,4.781070681164732e-05,16.0,1
8.0,0.0,1.0,1.0,22.795379315103563,0.2957411795750038,13.0,1
3.0,0.0,2.0,1.0,3.5180431600904774,0.001200747808808139,16.0,1
7.0,0.0,1.0,1.0,19.41841015769138,0.31139188070802193,11.0,1
8.0,0.0,2.0,1.0,84.31442663658306,0.009615315506815013,19.0,1
4.0,0.0,1.0,1.0,7.90163449957374,0.07542160177134356,9.0,1
5.0,0.0,2.0,1.0,38.68744716146655,0.0950896062696116,9.0,1
6.0,0.0,3.0,1.0,121.40864470209193,0.15179619678727513,13.0,1
1.0,0.0,2.0,1.0,18.761554206502804,0.1557576437495599,9.0,1
2.0,0.0,3.0,1.0,8.403921749303127,0.06878048011139282,18.0,1
3.0,0.0,2.0,1.0,23.38842154532533,0.0930341830903447,16.0,1
4.0,0.0,1.0,1.0,38.26702653764765,0.02262755013474797,11.0,1
4.0,0.0,3.0,1.0,4.759154032295945,0.0704993348884767,19.0,1
4.0,0.0,3.0,1.0,13.048432202209426,0.0005760492925496708,8.0,1
3.0,0.0,2.0,1.0,8.689372995527865,0.18017726806464604,9.0,1
5.0,0.0,2.0,1.0,7.663605137693401,0.03858567681993726,10.0,1
5.0,0.0,3.0,1.0,40.43992555898832,0.01841569485698648,19.0,1
2.0,0.0,2.0,1.0,11.951659705745394,0.07835150267864859,7.0,1
6.0,0.0,4.0,1.0,9.282338804175671,0.08554044576186336,10.0,1
3.0,0.0,3.0,1.0,19.502116489097745,0.001197478513624738,10.0,1
4.0,1.0,1.0,1.0,5.953888957143389,0.0031890338781752616,9.0,1
3.0,0.0,2.0,1.0,6.224528995254429,0.008144923034202436,16.0,1
6.0,0.0,1.0,1.0,15.691417574329986,0.0012334537740564724,15.0,1
4.0,0.0,1.0,1.0,11.528016757529779,0.010976948494111974,9.0,1
1.0,0.0,1.0,1.0,7.990649782756525,0.010880960995697199,8.0,1
9.0,0.0,1.0,1.0,2.1092210809782,0.10806067351537331,13.0,1
7.0,0.0,2.0,1.0,15.71166949048567,0.027277389070895098,15.0,1
5.0,0.0,1.0,1.0,34.922718290732675,0.03853403098598966,12.0,1
4.0,0.0,2.0,1.0,39.126875240052115,0.25579810991815244,11.0,1
2.0,1.0,3.0,1.0,6.369094950142111,0.0732854824685581,7.0,1
4.0,0.0,2.0,1.0,19.307882875962306,0.01038754217252284,9.0,1
5.0,0.0,1.0,1.0,39.74236158129125,0.0021936326479613227,15.0,1
4.0,0.0,3.0,1.0,11.509512534598816,0.22332094462692692,14.0,1
6.0,0.0,3.0,1.0,54.8052323972843,0.015535987892615488,15.0,1
3.0,0.0,2.0,1.0,47.65645951586005,0.5686394814580662,14.0,1
7.0,0.0,4.0,1.0,5.667259277157117,0.14268924416167816,7.0,1
5.0,0.0,1.0,1.0,6.9941439167621535,0.00010705328642107401,14.0,1
6.0,0.0,1.0,1.0,4.979802135756119,0.004553852053816429,14.0,1
7.0,0.0,4.0,1.0,5.364472268001222,0.09625576225104512,11.0,1
2.0,0.0,2.0,1.0,48.689375438573045,0.05471258062284206,12.0,1
6.0,0.0,1.0,1.0,54.5129891674021,0.03140873791484497,8.0,1
4.0,0.0,2.0,1.0,2.065847744542698,0.36037968211991545,7.0,1
6.0,0.0,2.0,1.0,19.008512796387755,0.25908612756260013,14.0,1
3.0,0.0,3.0,1.0,17.612885683842553,0.039572999156858635,13.0,1
6.0,0.0,1.0,1.0,10.903890131549657,0.2027944411125486,10.0,1
8.0,0.0,1.0,1.0,20.977018392782192,1.0744608298243976e-05,17.0,1
3.0,1.0,2.0,1.0,59.88855327873219,0.02863462039173883,18.0,1
7.0,0.0,3.0,1.0,4.732734259391892,0.023958987282385102,13.0,1
15.0,0.0,2.0,1.0,3.566008468425185,0.05000547483276763,8.0,1
7.0,0.0,2.0,1.0,1.6792152926224484,0.0006185025645018771,17.0,1
6.0,1.0,2.0,1.0,10.045893107836651,0.004759058880293734,8.0,1
3.0,0.0,2.0,1.0,9.238573351857285,0.2219913456415572,13.0,1
2.0,0.0,3.0,1.0,12.2711600508014,2.751735195606626e-06,9.0,1
5.0,1.0,2.0,1.0,14.995785042439554,0.06591878085329678,12.0,1
6.0,1.0,2.0,1.0,29.361810395664357,0.0025132101507364425,18.0,1
6.0,0.0,1.0,1.0,10.95533823743616,0.0012425658326578506,18.0,1
4.0,1.0,5.0,1.0,9.02786148290313,0.34843771580913074,19.0,1
1.0,0.0,1.0,1.0,36.07526937531204,0.2746181633040538,13.0,1
6.0,0.0,1.0,1.0,38.915307476205186,0.34511796824313357,13.0,1
8.0,0.0,2.0,1.0,6.299267857171181,0.0020260686662223614,16.0,1
2.0,1.0,4.0,1.0,8.557149290298682,0.001654188963702481,10.0,1
2.0,0.0,2.0,1.0,35.87269005765445,0.11360366350906599,9.0,1
2.0,0.0,3.0,1.0,2.654772059837412,0.016227802264261217,7.0,1
5.0,1.0,4.0,1.0,8.885957302159618,0.11270326018978813,13.0,1
7.0,0.0,1.0,1.0,12.89683371626951,0.021994366577586678,15.0,1
7.0,0.0,1.0,1.0,5.142245217836862,0.07932169333608394,7.0,1
9.0,0.0,1.0,1.0,4.966926118368096,9.681237740753097e-06,11.0,1
4.0,0.0,2.0,1.0,12.062907356981388,0.23993193169088256,10.0,1
7.0,0.0,2.0,1.0,29.090936549097286,0.06535984288025022,16.0,1
5.0,1.0,1.0,1.0,37.68077294194265,0.03246562130522891,8.0,1
7.0,0.0,4.0,1.0,78.48981716525019,0.07406183531952376,13.0,1
7.0,0.0,4.0,1.0,2.5372763992263296,0.0002043276612462223,13.0,1
3.0,0.0,2.0,1.0,5.884335839177748,0.0004017592712453192,19.0,1
5.0,0.0,2.0,1.0,29.26343424579525,0.023769311630561677,14.0,1
5.0,0.0,3.0,1.0,16.556623442696207,0.15494875567344205,9.0,1
5.0,0.0,2.0,1.0,8.940410502404134,0.017463137721113464,12.0,1
5.0,0.0,1.0,1.0,5.6031030358623575,0.110133160330796,10.0,1
8.0,1.0,3.0,1.0,7.583351064008383,0.02179669378146788,18.0,1
2.0,0.0,4.0,1.0,12.217444799349185,0.16429519539534276,17.0,1
6.0,0.0,1.0,1.0,4.899656739865799,0.002685517590458666,9.0,1
6.0,1.0,1.0,1.0,67.61065346046175,0.15789723364106076,10.0,1
6.0,0.0,1.0,1.0,3.276557356594585,0.07694621909076148,18.0,1
1.0,0.0,2.0,1.0,85.77922499162091,0.039018586762792226,7.0,1
10.0,2.0,1.0,1.0,37.889701377589695,0.07608641354250816,13.0,1
5.0,0.0,2.0,1.0,12.003516313168598,0.06216726307434365,13.0,1
3.0,0.0,2.0,1.0,27.927349823096755,0.13557638760110918,13.0,1
0.0,0.0,1.0,1.0,23.26529692161098,0.21966217661652318,8.0,1
7.0,0.0,1.0,1.0,5.797833375277704,0.0010451524541853414,7.0,1
4.0,0.0,2.0,1.0,9.282149503784204,0.03177688323785085,15.0,1
6.0,0.0,1.0,1.0,15.394857131571053,0.08356241796705519,8.0,1
4.0,0.0,2.0,1.0,21.3136143494196,0.03215489581660137,11.0,1
2.0,0.0,5.0,1.0,16.656842287860194,0.23106049699196188,11.0,1
4.0,0.0,3.0,1.0,13.810618751344624,0.3062801394490631,19.0,1
9.0,0.0,1.0,1.0,12.709269157149544,0.47717704885304413,19.0,1
4.0,0.0,1.0,1.0,14.793643783443867,0.12404546201292681,17.0,1
5.0,0.0,1.0,1.0,12.395649070300259,0.0017878464200376746,14.0,1
8.0,0.0,1.0,1.0,16.588489016159706,0.0004053766425576271,7.0,1
2.0,0.0,1.0,1.0,44.78250315577567,0.01055221947120689,17.0,1
2.0,0.0,5.0,1.0,21.03856904004739,0.2372218613102025,13.0,1
5.0,0.0,3.0,1.0,26.64740052469755,0.011983253445894177,9.0,1
4.0,0.0,1.0,1.0,19.20036558453979,0.0006224563517471569,8.0,1
8.0,1.0,1.0,1.0,21.60138058001224,0.0004526792459635542,11.0,1
6.0,0.0,1.0,1.0,18.27158572206455,0.024485717131690694,10.0,1
9.0,0.0,1.0,1.0,1.544680489886519,4.8795183563625e-05,19.0,1
7.0,0.0,1.0,1.0,157.40019335818434,0.10389931948165014,15.0,1
2.0,0.0,1.0,1.0,1.683740266517493,0.156831759398131,17.0,1
8.0,0.0,1.0,1.0,11.055429851789569,0.011796897223031648,7.0,1
3.0,0.0,2.0,1.0,3.2212163711346515,3.244590448721284e-06,17.0,1
5.0,1.0,1.0,1.0,3.0390698662401623,0.023284933207061875,9.0,1
4.0,0.0,3.0,1.0,32.55170783365072,0.030334293040994206,9.0,1
5.0,0.0,2.0,1.0,12.099931735348477,0.1838532543673387,10.0,1
4.0,1.0,1.0,1.0,33.3029544784121,0.036960721478711246,13.0,1
8.0,0.0,1.0,1.0,7.370702632352173,0.20180829154003566,11.0,1
0.0,0.0,2.0,1.0,6.926729393776787,0.000204593681224665,17.0,1
7.0,1.0,2.0,1.0,6.786505283428466,0.012280352030637195,16.0,1
4.0,0.0,2.0,1.0,20.14984067519288,0.005141620429031716,12.0,1
5.0,0.0,2.0,1.0,34.74792311554719,0.29688560276487147,9.0,1
2.0,1.0,2.0,1.0,13.039128025134282,0.037210162020709495,11.0,1
3.0,0.0,3.0,1.0,10.53650134937456,0.04114063914470882,19.0,1
3.0,1.0,3.0,1.0,73.6723421302424,0.13255853460356748,18.0,1
1.0,0.0,1.0,1.0,3.4830312450837484,0.18626073436144597,17.0,1
74.0,10.0,19.0,5.0,502.2403740795364,0.9325089679819696,4.0,-1
60.0,11.0,27.0,7.0,265.1099396718761,0.4519488852660587,0.0,-1
116.0,30.0,35.0,4.0,747.9854604941019,0.6210373929683559,2.0,-1
43.0,21.0,12.0,7.0,210.35386063253634,0.7381585208022254,22.0,-1
91.0,41.0,34.0,10.0,267.55678275466323,0.7033070012571039,4.0,-1
36.0,27.0,38.0,5.0,802.2601785105674,0.7929445288208206,0.0,-1
124.0,31.0,37.0,6.0,575.2350131446955,0.578557025507842,22.0,-1
112.0,44.0,5.0,10.0,365.5961773553839,0.8547048775896324,1.0,-1
100.0,23.0,20.0,4.0,299.3755715634262,0.643267709457743,0.0,-1
48.0,31.0,15.0,3.0,714.0075746694098,0.47517831621578427,1.0,-1
89.0,29.0,31.0,5.0,315.08198405955085,0.8442408687583406,22.0,-1
116.0,44.0,26.0,4.0,2287.0537462817524,0.9471657887877939,1.0,-1
104.0,29.0,23.0,4.0,1217.4682569643765,0.6186546864968139,3.0,-1
45.0,25.0,10.0,6.0,270.8727753581127,0.7537916942932501,22.0,-1
118.0,29.0,24.0,8.0,1180.038990545,0.8126947168429138,22.0,-1
122.0,11.0,7.0,7.0,411.5926805323803,0.8989141133333187,3.0,-1
50.0,39.0,5.0,6.0,536.6544536277227,0.5187961043734137,2.0,-1
142.0,10.0,27.0,10.0,277.05617911965055,0.7419870152806882,4.0,-1
59.0,44.0,7.0,7.0,263.10611660130553,0.844218038823957,2.0,-1
119.0,19.0,38.0,4.0,1203.0693921864918,0.519475704216115,23.0,-1
148.0,28.0,21.0,6.0,696.9940474098253,0.683488883037461,3.0,-1
104.0,8.0,31.0,9.0,508.5201131527488,0.6786172530813039,2.0,-1
82.0,11.0,27.0,6.0,218.41698715512015,0.9036071533535157,4.0,-1
66.0,34.0,15.0,8.0,1475.2796139825361,0.8663838402713325,4.0,-1
53.0,21.0,19.0,4.0,435.8731551223949,0.5391558971956105,0.0,-1
53.0,42.0,30.0,11.0,469.4832539601941,0.5397716036014429,2.0,-1
33.0,34.0,15.0,6.0,371.1110382306158,0.8340124776420039,3.0,-1
102.0,49.0,11.0,3.0,1309.5358378838202,0.8437674888391218,0.0,-1
145.0,43.0,12.0,5.0,411.2431516568794,0.5073399234396274,2.0,-1
96.0,13.0,9.0,9.0,295.73118825728614,0.6467082342332187,22.0,-1
26.0,23.0,21.0,11.0,547.1310959014477,0.8954625174106039,4.0,-1
99.0,17.0,27.0,8.0,960.4678345789102,0.4476523923126327,3.0,-1
26.0,41.0,6.0,6.0,432.0811426572333,0.6243367376711921,22.0,-1
147.0,23.0,31.0,4.0,727.8427012357124,0.7867246191629909,2.0,-1
135.0,10.0,25.0,11.0,381.3639725843816,0.8626520753121858,4.0,-1
42.0,16.0,11.0,10.0,836.0585714771317,0.7915947333479169,4.0,-1
93.0,19.0,30.0,9.0,752.4015162954778,0.6385124638094481,22.0,-1
148.0,7.0,34.0,4.0,770.8979119387632,0.9951706580391589,2.0,-1
146.0,8.0,16.0,4.0,719.0987516244608,0.4249194150522839,2.0,-1
81.0,41.0,15.0,10.0,284.9864579493946,0.696853517647793,3.0,-1
95.0,42.0,21.0,11.0,1294.5879584762383,0.706033009577617,0.0,-1
47.0,10.0,14.0,11.0,640.6461100887551,0.5438747042772459,4.0,-1
43.0,32.0,20.0,10.0,440.9466642265628,0.735224447577814,0.0,-1
43.0,12.0,19.0,3.0,294.57357815608987,0.5320344443032861,0.0,-1
82.0,35.0,19.0,7.0,965.2696987564858,0.6660472398294759,4.0,-1
136.0,25.0,24.0,9.0,555.7047566540757,0.6589805642228079,2.0,-1
107.0,49.0,8.0,8.0,279.6696895599654,0.8638734137422288,4.0,-1
73.0,33.0,36.0,3.0,1471.8244774282741,0.9655551314924153,22.0,-1
69.0,19.0,26.0,8.0,256.07085626892297,0.5217059546086936,0.0,-1
148.0,28.0,39.0,6.0,571.4011145280704,0.9949103685032551,3.0,-1
128.0,25.0,18.0,5.0,671.5502065743544,0.9641898760438361,4.0,-1
52.0,27.0,34.0,6.0,3646.2339381178977,0.4675919200982806,23.0,-1
99.0,35.0,35.0,10.0,275.94411790392815,0.947419621393781,3.0,-1
74.0,38.0,14.0,8.0,675.3895863919251,0.7387467577903388,2.0,-1
35.0,32.0,10.0,11.0,523.8152742578641,0.9273738444799593,2.0,-1
79.0,36.0,31.0,7.0,348.60673234932244,0.9673811300292957,22.0,-1
33.0,26.0,15.0,11.0,1625.4712339214348,0.9153443214834026,3.0,-1
38.0,7.0,14.0,6.0,982.3366893210396,0.6417265520522158,23.0,-1
122.0,13.0,20.0,6.0,950.4213354005343,0.7820555160817313,3.0,-1
117.0,10.0,28.0,8.0,1347.239246831152,0.6788621914279289,4.0,-1
137.0,5.0,25.0,9.0,845.5722108529958,0.6198687475517859,2.0,-1
45.0,26.0,27.0,4.0,553.3588838962371,0.5504259683448555,3.0,-1
72.0,8.0,25.0,6.0,448.40918008499966,0.664904758592197,1.0,-1
82.0,49.0,36.0,10.0,808.923515521286,0.8835831551519637,4.0,-1
93.0,12.0,21.0,11.0,661.6725310681195,0.9064136170494608,4.0,-1
121.0,41.0,21.0,7.0,591.4008164483575,0.9748033114526653,1.0,-1
33.0,46.0,25.0,8.0,644.6505629232107,0.5743699914666041,23.0,-1
91.0,23.0,8.0,9.0,732.6094423369675,0.7902385032424115,2.0,-1
102.0,48.0,27.0,9.0,1932.1355711156505,0.8162673688824393,3.0,-1
42.0,5.0,29.0,5.0,899.503536340234,0.5147994004199498,3.0,-1
36.0,45.0,36.0,4.0,297.0549971160423,0.6201291477544684,2.0,-1
111.0,28.0,10.0,10.0,514.4000681255063,0.6053541140392118,23.0,-1
102.0,21.0,18.0,11.0,766.9772808063707,0.9915459968441483,1.0,-1
148.0,36.0,20.0,10.0,296.58242719462845,0.975027137872941,1.0,-1
40.0,18.0,36.0,10.0,1549.3462987634973,0.8930607399069758,23.0,-1
61.0,21.0,20.0,4.0,240.07672476647247,0.6837015731773535,1.0,-1
44.0,36.0,23.0,6.0,672.06638604726,0.5584430882898672,4.0,-1
44.0,37.0,25.0,8.0,2063.5055946872735,0.9495785454922968,23.0,-1
39.0,34.0,19.0,10.0,850.7345569757678,0.5608261612507789,3.0,-1
129.0,38.0,30.0,4.0,765.4512883293977,0.7131658108952936,0.0,-1
49.0,32.0,34.0,10.0,3180.061279704355,0.547043513545938,4.0,-1
41.0,28.0,19.0,3.0,984.621884814509,0.9827547355749202,4.0,-1
36.0,18.0,17.0,8.0,1958.1935555111352,0.42505696487622097,3.0,-1
133.0,38.0,31.0,10.0,800.1435130653696,0.5046098909446876,2.0,-1
66.0,5.0,27.0,10.0,747.497580585454,0.859029543544151,23.0,-1
63.0,26.0,38.0,9.0,918.9359065173845,0.4908671720693628,23.0,-1
147.0,37.0,38.0,9.0,304.59197282197925,0.9876097262014711,22.0,-1
80.0,48.0,27.0,11.0,1019.3947225261647,0.5928113888848069,3.0,-1
77.0,22.0,24.0,4.0,1955.6232508090616,0.951187696034934,2.0,-1
95.0,43.0,13.0,3.0,672.9154833927785,0.7973669807489758,3.0,-1
96.0,16.0,24.0,4.0,206.2161524136681,0.7804704935493717,4.0,-1
112.0,14.0,18.0,5.0,237.41155566503295,0.9492234693196283,23.0,-1
71.0,6.0,30.0,11.0,333.74840125197574,0.7079675993513965,22.0,-1
49.0,6.0,31.0,9.0,537.7495767707734,0.6404668185328046,23.0,-1
109.0,10.0,38.0,7.0,467.00944611554354,0.5305736532435594,1.0,-1
74.0,24.0,33.0,7.0,2136.6897038842353,0.48672171670625797,4.0,-1
142.0,42.0,36.0,8.0,1655.5821114415062,0.875061288681793,4.0,-1
57.0,32.0,9.0,4.0,449.38470446968654,0.4767629951920145,0.0,-1
98.0,46.0,8.0,3.0,990.7082993458051,0.6364105313456864,4.0,-1
110.0,7.0,27.0,3.0,705.8000603484832,0.645530097771734,4.0,-1
107.0,41.0,25.0,5.0,339.2856371930352,0.7986996270116316,4.0,-1
53.0,41.0,37.0,3.0,1538.1105029824355,0.567108704315135,22.0,-1
27.0,46.0,28.0,11.0,350.22668610013363,0.9029373629258811,0.0,-1
63.0,29.0,20.0,7.0,1221.432913179934,0.5244904912966366,2.0,-1
28.0,27.0,36.0,11.0,707.5595503380141,0.8734891929596356,22.0,-1
61.0,17.0,23.0,7.0,685.2772551266735,0.9098555046528852,22.0,-1
119.0,28.0,30.0,3.0,1111.3464856152104,0.5159083841443213,23.0,-1
30.0,7.0,7.0,9.0,540.9159257561356,0.8856495004161103,23.0,-1
116.0,42.0,39.0,9.0,1159.9349036458252,0.8282440889219609,23.0,-1
34.0,32.0,22.0,6.0,599.5077585593615,0.9246267430792782,23.0,-1
36.0,30.0,11.0,5.0,2288.2502511683388,0.70598099031252,23.0,-1
134.0,24.0,36.0,3.0,739.3019796075428,0.5403139047227645,0.0,-1
142.0,31.0,28.0,9.0,434.2508388053409,0.9472238420373666,1.0,-1
90.0,5.0,20.0,7.0,920.6160438348966,0.8740261701450156,2.0,-1
27.0,14.0,28.0,3.0,556.5701589611567,0.41259122313908586,23.0,-1
89.0,14.0,8.0,3.0,1020.0129930428636,0.9636481517766895,22.0,-1
88.0,5.0,36.0,5.0,1096.2678858172549,0.9691151551896597,22.0,-1
59.0,36.0,38.0,5.0,679.746830461071,0.6131824784659082,0.0,-1
48.0,36.0,23.0,4.0,1228.5990900961085,0.4060109543645494,1.0,-1
71.0,47.0,18.0,10.0,458.2768523452757,0.7315223927260333,23.0,-1
136.0,31.0,17.0,10.0,229.54443812054262,0.948205463856611,1.0,-1
76.0,17.0,26.0,8.0,743.3144517349059,0.47466417015826656,3.0,-1
58.0,21.0,35.0,7.0,922.919871001241,0.7543058123546331,23.0,-1
108.0,32.0,34.0,8.0,237.79380985589495,0.8390615681257916,3.0,-1
104.0,29.0,27.0,3.0,936.8196064098543,0.48081391631432524,22.0,-1
118.0,40.0,16.0,4.0,709.6626641567958,0.7079640457908722,22.0,-1
135.0,6.0,18.0,9.0,261.88176737557177,0.4532825643010792,4.0,-1
127.0,36.0,12.0,3.0,588.1993268378706,0.7348757042403973,2.0,-1
49.0,36.0,28.0,10.0,257.5607241409807,0.6652693650454495,0.0,-1
93.0,10.0,7.0,5.0,394.022916522866,0.5588188139826112,4.0,-1
53.0,35.0,18.0,6.0,1014.7818578863494,0.9118483235081303,2.0,-1
125.0,13.0,15.0,9.0,253.11880103347883,0.6290736862145138,22.0,-1
116.0,47.0,32.0,9.0,507.5265492083074,0.8198902468828502,3.0,-1
88.0,20.0,27.0,4.0,665.3381068723452,0.8744096007452128,0.0,-1
77.0,29.0,22.0,7.0,1610.9856933344693,0.5071767402512702,1.0,-1
82.0,44.0,24.0,10.0,868.3055894628385,0.4714681017241907,1.0,-1
65.0,32.0,37.0,11.0,274.973946603562,0.4047011038677161,4.0,-1
111.0,21.0,6.0,7.0,1934.7680859719203,0.5834847335197593,4.0,-1
120.0,35.0,30.0,4.0,525.0032736233013,0.8895734094507166,0.0,-1
134.0,27.0,6.0,6.0,430.7934853046854,0.8636594972116097,1.0,-1
75.0,35.0,7.0,7.0,268.8908960370195,0.9230835646584387,23.0,-1
42.0,30.0,24.0,8.0,1555.1432870685016,0.8563601219479768,23.0,-1
65.0,8.0,14.0,8.0,641.1934286358254,0.41439494407303723,4.0,-1
123.0,43.0,25.0,3.0,2410.9048181406865,0.6313105833652285,1.0,-1
85.0,47.0,13.0,8.0,295.4990700282203,0.4035563361591288,3.0,-1
131.0,47.0,6.0,3.0,594.6479923252801,0.42163060830275895,4.0,-1
48.0,47.0,32.0,7.0,258.20297832932846,0.6871352382694786,22.0,-1
71.0,19.0,7.0,9.0,571.4585304158222,0.6160033262867554,23.0,-1
52.0,41.0,20.0,10.0,1302.692095830326,0.7351141055398405,2.0,-1
60.0,42.0,8.0,7.0,257.88550980192855,0.4396965646749808,4.0,-1
45.0,27.0,27.0,4.0,357.114887414313,0.7529800690838078,3.0,-1
80.0,9.0,34.0,5.0,773.4842852143499,0.4390014212790263,0.0,-1
93.0,45.0,17.0,9.0,239.6769503544444,0.6542105231453689,23.0,-1
50.0,47.0,10.0,6.0,502.5543463829346,0.611414577399735,1.0,-1
138.0,29.0,14.0,3.0,402.5288163420104,0.5343687647564483,23.0,-1
78.0,34.0,21.0,5.0,1110.5370693670816,0.5871827606460339,22.0,-1
111.0,30.0,12.0,4.0,225.1605641345771,0.40031446244228847,0.0,-1
68.0,7.0,13.0,11.0,1195.3325766802502,0.5944561260957455,23.0,-1
57.0,8.0,38.0,3.0,808.076737864053,0.4470450053417559,4.0,-1
50.0,22.0,21.0,11.0,376.3347224495453,0.9527813036488847,2.0,-1
145.0,41.0,26.0,7.0,310.17905119917026,0.44459972802810765,0.0,-1
46.0,15.0,7.0,8.0,1699.6326326668232,0.9718635326294046,23.0,-1
44.0,15.0,33.0,8.0,603.6150163953182,0.6948558008460783,2.0,-1
26.0,40.0,31.0,8.0,411.39029748173357,0.7079038931759756,4.0,-1
65.0,20.0,7.0,11.0,222.74377729410267,0.8728754432086758,23.0,-1
78.0,47.0,23.0,11.0,290.6316088095331,0.8172278275410714,2.0,-1
81.0,29.0,38.0,9.0,655.8568799326775,0.5422366737335175,2.0,-1
42.0,5.0,18.0,5.0,559.8581130507442,0.4152798094264377,3.0,-1
29.0,30.0,25.0,9.0,908.6038803197678,0.8670695254928,23.0,-1
142.0,49.0,6.0,7.0,1100.4129417326794,0.4778456795344434,0.0,-1
120.0,34.0,14.0,11.0,453.0640062962169,0.759021537114122,4.0,-1
70.0,10.0,21.0,10.0,253.19714481259717,0.9655790643626675,3.0,-1
99.0,31.0,6.0,8.0,983.9794910432252,0.7296660939353197,2.0,-1
45.0,23.0,31.0,7.0,603.4268809995494,0.5713439551466659,3.0,-1
46.0,42.0,5.0,4.0,2150.835596376092,0.507281273388402,3.0,-1
27.0,49.0,37.0,5.0,995.6760167301378,0.4161699465209382,2.0,-1
33.0,47.0,26.0,5.0,399.5472629218427,0.7739469652821639,4.0,-1
26.0,23.0,39.0,6.0,479.73676772173127,0.7347994414068175,23.0,-1
134.0,43.0,38.0,5.0,334.31631760655705,0.6770355492468105,1.0,-1
52.0,48.0,22.0,9.0,558.7183966445627,0.5162628574405007,3.0,-1
58.0,36.0,7.0,8.0,820.1886739824298,0.5419791199813305,0.0,-1
77.0,5.0,20.0,10.0,674.0052117727771,0.9751174018118391,2.0,-1
83.0,29.0,15.0,4.0,409.33859938123385,0.41224245300972084,1.0,-1
34.0,17.0,14.0,4.0,1066.6506887240212,0.6180607989776906,3.0,-1
107.0,14.0,25.0,3.0,255.49860640323283,0.423287502994265,2.0,-1
117.0,22.0,29.0,7.0,276.8989419491255,0.5149416034878793,2.0,-1
149.0,40.0,39.0,9.0,458.89118862402506,0.959881772056489,3.0,-1
26.0,26.0,10.0,11.0,805.7393074413507,0.48973766579956207,23.0,-1
72.0,10.0,12.0,7.0,792.3885761847777,0.7604711850717771,22.0,-1
30.0,31.0,38.0,3.0,428.26614249138584,0.6081670443008239,22.0,-1
68.0,12.0,5.0,5.0,796.3646326524349,0.7798288734060745,0.0,-1
78.0,28.0,7.0,10.0,231.2493815643401,0.911285715123485,2.0,-1
95.0,24.0,31.0,5.0,371.26061233547216,0.5719266462243278,2.0,-1
60.0,26.0,17.0,9.0,791.714822498773,0.44717387928068436,3.0,-1
32.0,13.0,23.0,5.0,301.69583093806295,0.5225079348179308,1.0,-1
107.0,44.0,23.0,4.0,319.58059360603556,0.6634541280841249,2.0,-1
34.0,43.0,10.0,8.0,245.44542015732807,0.7090383172298074,23.0,-1
57.0,23.0,18.0,4.0,426.64879071787584,0.9651371632467862,2.0,-1
125.0,5.0,9.0,7.0,1071.2768117135972,0.40966118699721216,3.0,-1
126.0,15.0,13.0,7.0,1105.04051581877,0.8545762438659921,22.0,-1
115.0,45.0,27.0,7.0,1191.5660499278333,0.4435058415092086,2.0,-1
117.0,46.0,36.0,8.0,218.6972861162396,0.4467532631962237,23.0,-1
43.0,14.0,33.0,5.0,2717.1085269886944,0.7924793750678836,3.0,-1
42.0,5.0,32.0,7.0,549.2218300431498,0.9453595340056105,0.0,-1
139.0,31.0,15.0,10.0,1230.7105658213036,0.5726178004870902,3.0,-1
75.0,21.0,23.0,6.0,1377.5428985681056,0.5615837073492591,23.0,-1
47.0,48.0,5.0,7.0,561.2861829607233,0.7706270942715636,22.0,-1
25.0,48.0,13.0,3.0,226.22052957503652,0.8657684985181393,1.0,-1
83.0,21.0,6.0,3.0,654.9925352227365,0.9213754718349968,2.0,-1
140.0,43.0,8.0,10.0,403.3029700682697,0.5498236891509879,0.0,-1
131.0,47.0,33.0,4.0,315.81893335774976,0.844119507460648,2.0,-1
27.0,6.0,8.0,9.0,300.75281088362595,0.5843272542964796,2.0,-1
34.0,27.0,5.0,9.0,609.6548699545381,0.7268871521741351,23.0,-1
147.0,45.0,32.0,11.0,255.1724681746962,0.5145114827764504,22.0,-1
95.0,14.0,22.0,3.0,1061.9884164609819,0.4876012144498443,3.0,-1
73.0,46.0,17.0,4.0,328.9278995129522,0.9611821300803025,2.0,-1
80.0,34.0,10.0,3.0,598.4665242243268,0.7283195502427366,22.0,-1
114.0,39.0,26.0,3.0,267.0287417022663,0.40275372819583316,0.0,-1
40.0,29.0,34.0,6.0,1181.7338805753284,0.8760619264687768,23.0,-1
63.0,21.0,31.0,10.0,788.9696208731501,0.8145220792188153,22.0,-1
133.0,23.0,12.0,10.0,315.66465506457854,0.595529682746498,22.0,-1
120.0,22.0,32.0,11.0,828.9343145135261,0.6783785694953941,22.0,-1
100.0,22.0,6.0,4.0,243.2694535108689,0.6699276983875695,23.0,-1
68.0,39.0,24.0,9.0,939.6802295788145,0.5648618171251147,4.0,-1
32.0,14.0,15.0,6.0,537.0123710353973,0.988334224058407,22.0,-1
32.0,27.0,18.0,5.0,264.02105216514553,0.7263310496379332,2.0,-1
69.0,49.0,28.0,6.0,599.7855272087272,0.9383676645716015,22.0,-1
35.0,26.0,17.0,6.0,312.11350948862673,0.7512132313970459,3.0,-1
145.0,48.0,12.0,5.0,758.5500928706612,0.8141098741411035,1.0,-1
121.0,13.0,25.0,11.0,816.562843721343,0.4177254660862522,2.0,-1
49.0,36.0,26.0,10.0,915.3113596695764,0.7070911296366325,22.0,-1
41.0,30.0,13.0,4.0,1326.281167968718,0.8327660697329435,22.0,-1
119.0,33.0,15.0,5.0,732.0177982923763,0.47311782294281923,3.0,-1
107.0,46.0,20.0,9.0,538.4097145621896,0.8069949775209111,2.0,-1
133.0,23.0,13.0,7.0,1162.8476532920463,0.4505633361599998,4.0,-1
79.0,33.0,7.0,3.0,1350.5135277453278,0.8842137506853008,4.0,-1
103.0,39.0,17.0,3.0,961.0647830979291,0.9866703041057651,0.0,-1
149.0,16.0,5.0,10.0,1627.361097038662,0.7760407607075517,4.0,-1
80.0,12.0,15.0,8.0,2142.056677761955,0.4462467356699146,23.0,-1
68.0,29.0,28.0,6.0,344.716310239442,0.7520520696990587,23.0,-1
77.0,31.0,9.0,5.0,301.4834512739603,0.8445178478785494,3.0,-1
137.0,47.0,6.0,11.0,497.64046395460366,0.9598575977348652,4.0,-1
59.0,49.0,21.0,11.0,3092.505143543647,0.4272752150831325,3.0,-1
63.0,10.0,21.0,6.0,246.31722485373132,0.8650253852876385,2.0,-1
26.0,17.0,24.0,10.0,822.3869909559664,0.47954902414214495,0.0,-1
122.0,15.0,19.0,6.0,1151.353270405341,0.8743518263375865,22.0,-1
49.0,42.0,8.0,10.0,3020.07224491432,0.9332261715235509,22.0,-1
62.0,10.0,15.0,9.0,683.4138295119972,0.9167456988598146,22.0,-1
92.0,9.0,27.0,8.0,439.0940720278103,0.791723894474434,0.0,-1
104.0,11.0,5.0,9.0,291.05705931167495,0.7004593772801864,22.0,-1
56.0,23.0,8.0,8.0,2202.125872565066,0.9247520274404325,4.0,-1
103.0,47.0,6.0,8.0,1489.8499526300725,0.7114427561521703,23.0,-1
130.0,10.0,31.0,9.0,1016.1455960548238,0.5140666767864951,22.0,-1
102.0,29.0,38.0,6.0,1639.1940058312193,0.965699819262541,22.0,-1
65.0,13.0,17.0,7.0,231.3923804694486,0.623974395926148,1.0,-1
103.0,24.0,22.0,11.0,699.147574778021,0.7746094168950608,23.0,-1
95.0,29.0,15.0,4.0,360.65134662563753,0.5194874847965142,4.0,-1
31.0,12.0,9.0,11.0,925.3461832653193,0.46632378159493665,22.0,-1
96.0,41.0,33.0,7.0,250.30624959074203,0.7306230701312693,1.0,-1
107.0,42.0,29.0,3.0,349.6884075802727,0.7327567299001205,4.0,-1
42.0,6.0,18.0,9.0,1149.4008477600132,0.6218454037007185,3.0,-1
41.0,26.0,15.0,7.0,892.042266240162,0.587043119585031,3.0,-1
106.0,40.0,36.0,5.0,2615.535456233341,0.624504092520961,22.0,-1
107.0,8.0,10.0,5.0,716.389171609788,0.877087359917501,22.0,-1
141.0,5.0,10.0,3.0,380.538891610035,0.6146408751551399,1.0,-1
128.0,37.0,26.0,9.0,596.9077437537169,0.9528236041931017,0.0,-1
101.0,28.0,7.0,4.0,1640.9019490003416,0.46777748067464814,1.0,-1
83.0,9.0,23.0,10.0,727.4368090629661,0.9589457768835483,2.0,-1
35.0,39.0,38.0,6.0,1266.4165090292818,0.8137288033228316,0.0,-1
149.0,46.0,11.0,6.0,211.57643617997095,0.6066105552924461,1.0,-1
75.0,30.0,20.0,7.0,430.66148862745194,0.40411313396579585,23.0,-1
31.0,47.0,13.0,11.0,1569.0527597556925,0.8814589732068605,23.0,-1
51.0,45.0,17.0,9.0,220.04113502595237,0.9815964777829486,2.0,-1
83.0,47.0,38.0,5.0,566.0494960233759,0.989463616547762,2.0,-1
61.0,30.0,10.0,6.0,412.7289589844429,0.6540431261421098,23.0,-1
29.0,45.0,8.0,11.0,719.5176680498228,0.44230263732217234,22.0,-1
86.0,9.0,9.0,3.0,288.5015350276703,0.588252271445346,23.0,-1
96.0,48.0,10.0,10.0,729.6481911716734,0.5858441380080592,4.0,-1
98.0,22.0,17.0,10.0,2604.3494090708487,0.46142874516603793,22.0,-1
125.0,29.0,28.0,9.0,358.1530569809214,0.7148299585399448,1.0,-1
114.0,45.0,32.0,8.0,509.4169932772795,0.762747087090627,23.0,-1
103.0,44.0,17.0,9.0,215.0745836676312,0.8372914469833576,3.0,-1
79.0,42.0,22.0,6.0,484.62364325381066,0.43060824673937215,23.0,-1
40.0,25.0,11.0,6.0,460.4316367481355,0.5652383978714922,22.0,-1
117.0,28.0,8.0,7.0,615.8682038960728,0.6131221013636476,4.0,-1
116.0,32.0,35.0,6.0,348.3752417460357,0.9353448158036511,22.0,-1
98.0,8.0,28.0,6.0,399.23538839903347,0.9408352069231609,22.0,-1
80.0,12.0,26.0,11.0,670.6718371442112,0.5559831184717341,23.0,-1
128.0,37.0,25.0,8.0,1395.5708282962519,0.6923986344382398,0.0,-1
75.0,7.0,30.0,5.0,334.0692487217393,0.6548538178590022,23.0,-1
92.0,24.0,34.0,5.0,765.7612799345479,0.7160245462776953,23.0,-1
70.0,39.0,39.0,10.0,571.04626529997,0.5716688709685094,23.0,-1
85.0,43.0,27.0,5.0,255.2474831551035,0.6777529884622993,3.0,-1
128.0,47.0,34.0,6.0,616.7028818402773,0.4872222455482989,2.0,-1
141.0,11.0,23.0,8.0,816.8861751149938,0.8257302696077834,0.0,-1
102.0,31.0,36.0,11.0,655.9674818882187,0.6218442822723176,23.0,-1
132.0,9.0,23.0,8.0,255.1386327264725,0.7254500157601553,23.0,-1
57.0,41.0,26.0,5.0,1163.9256423337918,0.7627607305016264,4.0,-1
79.0,5.0,8.0,8.0,220.93397691708049,0.9019154177366663,22.0,-1
139.0,26.0,16.0,6.0,334.59681122394943,0.44905562101003627,2.0,-1
42.0,11.0,19.0,7.0,678.1784840029558,0.6896440896712832,22.0,-1
36.0,12.0,19.0,7.0,322.9583561973698,0.9364432481820492,2.0,-1
98.0,48.0,14.0,5.0,253.68055812855633,0.5978785056983965,2.0,-1
45.0,34.0,23.0,7.0,558.6361993737378,0.6667157032663193,3.0,-1
121.0,32.0,12.0,7.0,840.8953777415687,0.45104463501347236,4.0,-1
102.0,30.0,35.0,9.0,464.4567238524146,0.850404007935041,4.0,-1
97.0,38.0,13.0,11.0,799.4280220229944,0.4510129457795615,22.0,-1
50.0,36.0,33.0,7.0,1185.3982728628293,0.778586833422727,23.0,-1
103.0,26.0,11.0,11.0,1794.6177464651091,0.6245470640109474,3.0,-1
45.0,24.0,12.0,7.0,332.8069477280484,0.6028957108186965,4.0,-1
46.0,18.0,21.0,6.0,664.8920711605638,0.7513022161480463,2.0,-1
79.0,27.0,19.0,8.0,355.21883566723363,0.7406015414250535,2.0,-1
70.0,7.0,20.0,10.0,1223.6557105838544,0.6432717869954365,22.0,-1
65.0,23.0,11.0,6.0,1304.9476630255149,0.5670067407066913,2.0,-1
131.0,18.0,23.0,7.0,394.42268222406085,0.7049012560110474,4.0,-1
29.0,44.0,29.0,3.0,718.3024241522763,0.5602615596454125,1.0,-1
68.0,43.0,16.0,3.0,1293.1810509023608,0.4615847969603674,0.0,-1
40.0,41.0,36.0,10.0,555.0079638663693,0.8794914683817473,1.0,-1
140.0,39.0,14.0,9.0,837.3239796484861,0.8213859467194826,3.0,-1
148.0,5.0,28.0,7.0,1006.8623030765493,0.4506105776379853,1.0,-1
59.0,23.0,8.0,11.0,1227.456797320375,0.4975633622480024,23.0,-1
29.0,19.0,8.0,3.0,562.0172465619719,0.46010000770087545,22.0,-1
86.0,29.0,29.0,5.0,1622.144409044165,0.8744261351196956,1.0,-1
114.0,5.0,34.0,8.0,695.713586123002,0.8637225178689061,23.0,-1
50.0,35.0,5.0,3.0,282.2767118750113,0.6448207720659238,22.0,-1
85.0,41.0,33.0,8.0,673.9639194052256,0.8928404730860398,3.0,-1
75.0,47.0,20.0,4.0,377.24854743284084,0.9843753440824775,1.0,-1
93.0,26.0,11.0,7.0,432.6755089148579,0.9822802493525391,0.0,-1
80.0,24.0,37.0,4.0,1027.3733212037396,0.9885144828077161,4.0,-1
74.0,45.0,26.0,3.0,2012.43557502143,0.9078308079344698,23.0,-1
149.0,47.0,31.0,6.0,1219.5489884323051,0.5301927786993581,3.0,-1
60.0,9.0,33.0,4.0,397.11692081367164,0.43445081595805435,1.0,-1
48.0,19.0,20.0,11.0,502.2558049535574,0.8869959253705502,2.0,-1
103.0,6.0,25.0,5.0,2252.129171858226,0.5851262487677555,2.0,-1
54.0,16.0,15.0,11.0,1485.4341567253432,0.6026522605807217,3.0,-1
93.0,11.0,25.0,6.0,2085.021872601803,0.44379735953627775,2.0,-1
128.0,6.0,13.0,9.0,483.6252284063887,0.8288268006830151,0.0,-1
72.0,12.0,31.0,9.0,1006.129117505998,0.6584544358462536,23.0,-1
46.0,13.0,26.0,8.0,1224.8142299277674,0.5225593025267923,1.0,-1
57.0,31.0,19.0,10.0,222.63643841889098,0.7914765782961511,0.0,-1
93.0,32.0,27.0,8.0,354.68291305952994,0.9879304371980587,0.0,-1
146.0,41.0,33.0,11.0,1274.8630723726847,0.6990401868116882,4.0,-1
120.0,19.0,20.0,7.0,446.11847332866574,0.763822118770719,1.0,-1
74.0,23.0,7.0,5.0,363.29605800272043,0.49771441185299237,3.0,-1
136.0,34.0,20.0,7.0,359.20226764230085,0.49657437059955783,2.0,-1
47.0,17.0,12.0,6.0,435.3258986585737,0.6749448513482725,23.0,-1
34.0,49.0,30.0,5.0,339.83236174568833,0.9068562182784576,4.0,-1
60.0,10.0,13.0,3.0,201.68449050356088,0.9454900127505135,0.0,-1
138.0,34.0,39.0,10.0,294.73058006693213,0.7850510093115832,2.0,-1
41.0,5.0,11.0,6.0,1270.9779562547283,0.6163118325125587,1.0,-1
77.0,46.0,12.0,5.0,239.33148686007075,0.8500235777554632,0.0,-1
115.0,42.0,39.0,6.0,466.36696733238864,0.5751642399666204,0.0,-1
146.0,29.0,10.0,3.0,504.8516126145457,0.5317318505583731,1.0,-1
133.0,39.0,11.0,8.0,952.8858341549012,0.8772565284375338,3.0,-1
32.0,30.0,16.0,5.0,345.5706760945024,0.8507908058189693,4.0,-1
128.0,17.0,5.0,10.0,385.2723343966844,0.9292632320616386,1.0,-1
68.0,23.0,29.0,7.0,207.18941985114722,0.7458903466314275,2.0,-1
85.0,14.0,16.0,11.0,1365.649793205555,0.938028749831815,2.0,-1
146.0,49.0,31.0,11.0,778.4761331818164,0.41588701847546905,0.0,-1
138.0,11.0,27.0,4.0,352.4793818637072,0.5522295106000258,23.0,-1
